,tweet_id,date,text,retweet_count,favourite_count,followers_count,crypto_name
0,1.428582198572028e+18,2021-08-20 04:58:32,My exist strategy for #ADA is 3. Will buy back when it cools off. #Cryptocurency,0,0.0,201.0,ADA
1,1.4285821562557727e+18,2021-08-20 04:58:22,ATH in EUR already. Good time to wake up in the early morning. üöÄüî•üî• $ADA #ADA #Cardano https://t.co/Jhl2LOnu6M,0,0.0,14.0,ADA
2,1.4285821376121446e+18,2021-08-20 04:58:18,#ADA new ATH!!!!‚úÖ,0,0.0,23.0,ADA
3,1.4285819715721667e+18,2021-08-20 04:57:38,"@intocryptoverse Yo Ben, I don't want to wake You up just for the wick, but ADA is setting up new ATH #ADA #Cardano",0,2.0,2321.0,ADA
4,1.4285819391503114e+18,2021-08-20 04:57:30,"#ADA $ADA Going to break the ALL TIME HIGH to create new ATH price. üòÅ

https://t.co/5JIs4APp6w Follow us for more update

$SAND $THETA $AXS $CHZ $ENJ $MANA $UNI $LINK $AAVE $AMP $COMP https://t.co/kNbTvTbPfZ",0,0.0,1391.0,ADA
5,1.428581917994197e+18,2021-08-20 04:57:25,"Bears: we‚Äôre in a bear market 

#ADA #SOL #LUNA: hold my beer, new all time highs",1,4.0,18914.0,ADA
6,1.4285818937552118e+18,2021-08-20 04:57:19,"23 days remaining until we have fully functional #SmartContracts build on #Cardano #ADA

#GetSetGo
#Alonzo #Goguen https://t.co/U3oj7c1YJS",0,1.0,377.0,ADA
7,1.4285818217222676e+18,2021-08-20 04:57:02,"Where no #Cardanians was before
#ADA",0,0.0,21.0,ADA
8,1.4285818100201718e+18,2021-08-20 04:56:59,"be bullish on cardano #ADA üòàüòàüöÄüìà 
WE DID IT! ATHü¶ã",0,0.0,13.0,ADA
9,1.4285817957764178e+18,2021-08-20 04:56:56,Congrats #ADA #Cardano New ATH $2.49 ‚úàüëè @IOHK_Charles @InputOutputHK @cardano_es @Cardano,0,0.0,74.0,ADA
10,1.4285817827111485e+18,2021-08-20 04:56:53,Trending #ADA https://t.co/rjsZWGoVR4,0,0.0,292.0,ADA
11,1.4285817297579745e+18,2021-08-20 04:56:40,Best decision of my life: buying #ADA at 0.07$,0,2.0,712.0,ADA
12,1.4285817092185661e+18,2021-08-20 04:56:35,"#Cardano #CardanoADA #ADA #Crypto 

#ADA just crossed it's All-Time HIGH üöÄüöÄüöÄ

NOW: Price discovery MODE: ON

Most exciting times in a bull run üêÇüî•üî•üî• https://t.co/kmRGfjEIDP",1,10.0,6737.0,ADA
13,1.4285817090044355e+18,2021-08-20 04:56:35,@MrBellows You definitely havent heard of #XDC dont ya? 19 trillion trade finance bridge token. Smart contracts capability . Much cheaper gas fee than #ADA https://t.co/EvpYP3WSJL,0,0.0,229.0,ADA
14,1.4285816460647547e+18,2021-08-20 04:56:20,#ADA ATH incoming! https://t.co/vzSnjnfQgj,0,2.0,766.0,ADA
15,1.4285816283691213e+18,2021-08-20 04:56:16,"$Ada Finally breaks it's former ATH of $2.47 ü§ë
#Cardano 
#ADA 
#cryptocurrency 
#CryptoNews https://t.co/zDMlBDKGsP",0,1.0,1195.0,ADA
16,1.4285816121791406e+18,2021-08-20 04:56:12,Hello ATH #ADA LSTS GOOOO,0,0.0,4.0,ADA
17,1.4285815878142116e+18,2021-08-20 04:56:06,Cardano on steroids right now  üíâ #ADA,0,0.0,29.0,ADA
18,1.428581559104426e+18,2021-08-20 04:56:00,#AdA let‚Äôs go!!!! https://t.co/92xRpQo6KQ,0,0.0,362.0,ADA
19,1.42858152596523e+18,2021-08-20 04:55:52,Go Cardano go #ADA üöÄ https://t.co/K8J1hBue5R,0,0.0,6.0,ADA
20,1.4285815079255286e+18,2021-08-20 04:55:47,Regretting dumping Cardano #ADA just under $2... a lesson in retaining even a third of exposure!!!,0,0.0,46.0,ADA
21,1.4285814827093238e+18,2021-08-20 04:55:41,And so the unchartered territory journey begins for Cardano $ADA üöÄüöÄüöÄ #ADA #adacoin #adacommunity #cryptocurrency #crypto #ADAUSDT #ADAcardano,0,1.0,33.0,ADA
22,1.428581451256107e+18,2021-08-20 04:55:34,#ada ATH. Boo ya.,0,0.0,147.0,ADA
23,1.428581403172565e+18,2021-08-20 04:55:22,What will Cardano's price be as of 12/31/21? #Cardano #ADA #Crypto #cryptocurrency #cryptotwitter #Invest #Investors #Investing,0,0.0,1085.0,ADA
24,1.428581397556605e+18,2021-08-20 04:55:21,#Cardano (#ADA) to be launched on 25th August and get Listed in Japan https://t.co/iJ1wgUDRGY #boom,0,0.0,177.0,ADA
25,1.428581376060711e+18,2021-08-20 04:55:16,"@NanoDogeCoin is defying the boundaries of #DeFi!
The first ever dual #staking + #INDC!

Stake your #NanoDogeCoin and you'll earn
#NDC, #BTC, #ETH, #ADA rewards and still get #USDT reflections all at the same time!

Don't get left behind!
@elonmusk @JeffBezos #GameOver #ndcfamily https://t.co/ywuE6Q0TEN",0,0.0,216.0,ADA
26,1.4285812874350674e+18,2021-08-20 04:54:55,#ADA  #Cardano Welcome to a new ALL TIME HIGH!!!!,0,2.0,14.0,ADA
27,1.4285812654947574e+18,2021-08-20 04:54:50,"$ADA NEW ATH 2.48 
üöÄüë®üèº‚ÄçüöÄüöÄüë®üèº‚ÄçüöÄ
#ADA #CARDANO",0,1.0,880.0,ADA
28,1.4285812549418435e+18,2021-08-20 04:54:47,Yay! Cardano hit all time high!! Currently at $2.48! #Bitcoin #Cardano #Ethereum #Cryptocurency #Crypto #ADA #dogecoin #BNB #Binance #altcoin,0,0.0,10.0,ADA
29,1.4285812539686625e+18,2021-08-20 04:54:47,"@Biswap_Dex Good project üëç
0x88E1Cbd697a5F83397a628CBE78039207AF6E80E 
#DEX #DeFi #ADA",0,0.0,64.0,ADA
30,1.4285811988053238e+18,2021-08-20 04:54:34,Cardano really took off üöÄüöÄüöÄ #ADA #Cardano #Crypto #BTC https://t.co/va4yAbxfUW,0,0.0,434.0,ADA
31,1.4285811777708442e+18,2021-08-20 04:54:29,Cardano #ADA just made a new All time high. Welcome to price discovery phase. ‚ö°,1,2.0,16.0,ADA
32,1.4285811675408302e+18,2021-08-20 04:54:26,$ADA $2.48 new ATH!  #ADA #cryptocurrency  #CardanoADA  #crypto,0,0.0,14.0,ADA
33,1.4285810536528978e+18,2021-08-20 04:53:59,"@johnjohn5133 In couple of hours it will go down... 
#prediction #ADA",0,0.0,52.0,ADA
34,1.4285810362634486e+18,2021-08-20 04:53:55,New #ADA all time high. Send everything with haste and exquisite taste. https://t.co/lZ2UWkWfry,1,12.0,18914.0,ADA
35,1.4285809029097144e+18,2021-08-20 04:53:23,"New ATH #ADA

Price discovery modus: Online. https://t.co/cUcIFXYppN",1,0.0,49.0,ADA
36,1.4285808909475594e+18,2021-08-20 04:53:20,"Boom üí• üî•üöÄ
$ADA all time high 
#cryptocurrency #Cardano #ADA #BTC",0,0.0,55.0,ADA
37,1.4285807979975393e+18,2021-08-20 04:52:58,#ADA ALL TIME HIGH $2.48 üöÄ,0,0.0,569.0,ADA
38,1.4285807870965924e+18,2021-08-20 04:52:56,#ADA new ATH!!! #Cardano,0,3.0,1408.0,ADA
39,1.428580783850238e+18,2021-08-20 04:52:55,"#Cardano just ripping it, up 15%! Good things take time, best believe.‚ô•Ô∏èNr: 3 coin by Market cap again! üëä
#ADA #Plutus #Alonzo #smartcontracts #blockchain #DeFi #NFT #DigitalAssets #StoreofValue #BTC #cryptocurrency #Crypto #Bitcoin https://t.co/P5LJdT848X",0,1.0,437.0,ADA
40,1.4285806134732472e+18,2021-08-20 04:52:14,And an animated GIF @cadabears version like these: (2/2) #NFT #CNFT #ADA https://t.co/zIIXsxi9sx,0,1.0,1257.0,ADA
41,1.4285805555330785e+18,2021-08-20 04:52:00,here we come #ADA go break $2.47,0,0.0,23.0,ADA
42,1.4285801728868393e+18,2021-08-20 04:50:29,"@Biswap_Dex What a beautiful project I'm expecting pure success towards the moon.

#DEX #DEFI #ADA #BSW #BISWAP 

0x0cb2e6284EC240930DfE17e28619D4280AB50C7A",0,0.0,36.0,ADA
43,1.4285800957073367e+18,2021-08-20 04:50:11,"How many of you are having trust on holding $ADA

 #Cryptocurency #ADA #Ethereum #Bitcoin #DOT #LINK #dogecoin #BNB",0,4.0,52.0,ADA
45,1.4285800078788403e+18,2021-08-20 04:49:50,#ADA 2.45$ this is very good #crypto,1,1.0,373.0,ADA
46,1.4285799021360783e+18,2021-08-20 04:49:25,GreenDay üíöüìà #HEX #POTS #Solana #dogecoin #ADA https://t.co/YwTegps6qs,0,1.0,414.0,ADA
47,1.4285797085313147e+18,2021-08-20 04:48:38,‚ÄúWhen I Hear The Train A-Comin‚Äù #ETH #ethstarburst #ALTSEASON #Chainlink #btc #ADA #Cryptocurency #cryptotrading #BNB #VeChain #DeFi #CryptoNews #MATIC #XRP #nftart #cryptoart DCA Safely https://t.co/sM349dCAUL,0,3.0,57.0,ADA
48,1.4285795784784364e+18,2021-08-20 04:48:07,"@KyuubiKurama7 Excellent project future will be bright
0x98D0d24750cEABD10Fd87d498AF958ab475E3efA
#KYB #KRM #BTC #BNB #BSC #KYUUBI #ETH #shiba #doge
#kurama
#naruto
#Boruto
#kyubiarmy #kyubi #Airdrop 
#ADA #Crypto 
#burn
#giveaway",0,1.0,30.0,ADA
49,1.4285793423264563e+18,2021-08-20 04:47:11,"@MATADOR2323 @GregJewishstein @MiniDOGEToken @NanoDogeCoin is defying the boundaries of #DeFi!
The first ever dual #staking + #INDC!

Stake your #NanoDogeCoin and you'll earn
#NDC, #BTC, #ETH, #ADA rewards and still get #USDT reflections all at the same time!

Don't get left behind!
@elonmusk @JeffBezos #GameOver #ndcfamily",0,0.0,163.0,ADA
50,1.4285793368656978e+18,2021-08-20 04:47:10,@CryptoMellany #ADA is near to a galaxy price discovery. Going to smell #ETH,0,1.0,21.0,ADA
51,1.4285793189684593e+18,2021-08-20 04:47:06,"@Marko_4Crypto @MiniDOGEToken @NanoDogeCoin is defying the boundaries of #DeFi!
The first ever dual #staking + #INDC!

Stake your #NanoDogeCoin and you'll earn
#NDC, #BTC, #ETH, #ADA rewards and still get #USDT reflections all at the same time!

Don't get left behind!
@elonmusk @JeffBezos #GameOver #ndcfamily",0,0.0,163.0,ADA
52,1.4285792993978286e+18,2021-08-20 04:47:01,"@JasonWillman7 @MiniDOGEToken @NanoDogeCoin is defying the boundaries of #DeFi!
The first ever dual #staking + #INDC!

Stake your #NanoDogeCoin and you'll earn
#NDC, #BTC, #ETH, #ADA rewards and still get #USDT reflections all at the same time!

Don't get left behind!
@elonmusk @JeffBezos #GameOver #ndcfamily",0,0.0,163.0,ADA
53,1.428579273351127e+18,2021-08-20 04:46:55,"@astro6066 @MiniDOGEToken @NanoDogeCoin is defying the boundaries of #DeFi!
The first ever dual #staking + #INDC!

Stake your #NanoDogeCoin and you'll earn
#NDC, #BTC, #ETH, #ADA rewards and still get #USDT reflections all at the same time!

Don't get left behind!
@elonmusk @JeffBezos #GameOver #ndcfamily",0,0.0,163.0,ADA
54,1.4285792486761144e+18,2021-08-20 04:46:49,"@DeejayBaldry @MiniDOGEToken @NanoDogeCoin is defying the boundaries of #DeFi!
The first ever dual #staking + #INDC!

Stake your #NanoDogeCoin and you'll earn
#NDC, #BTC, #ETH, #ADA rewards and still get #USDT reflections all at the same time!

Don't get left behind!
@elonmusk @JeffBezos #GameOver #ndcfamily",0,0.0,163.0,ADA
55,1.4285792286650573e+18,2021-08-20 04:46:44,"@RedgateBen @MiniDOGEToken @NanoDogeCoin is defying the boundaries of #DeFi!
The first ever dual #staking + #INDC!

Stake your #NanoDogeCoin and you'll earn
#NDC, #BTC, #ETH, #ADA rewards and still get #USDT reflections all at the same time!

Don't get left behind!
@elonmusk @JeffBezos #GameOver #ndcfamily",0,0.0,163.0,ADA
56,1.4285792033230725e+18,2021-08-20 04:46:38,"@Laasri96 @MiniDOGEToken @NanoDogeCoin is defying the boundaries of #DeFi!
The first ever dual #staking + #INDC!

Stake your #NanoDogeCoin and you'll earn
#NDC, #BTC, #ETH, #ADA rewards and still get #USDT reflections all at the same time!

Don't get left behind!
@elonmusk @JeffBezos #GameOver #ndcfamily",0,0.0,163.0,ADA
57,1.4285791786689823e+18,2021-08-20 04:46:32,"@hossainraj16 @MiniDOGEToken @NanoDogeCoin is defying the boundaries of #DeFi!
The first ever dual #staking + #INDC!

Stake your #NanoDogeCoin and you'll earn
#NDC, #BTC, #ETH, #ADA rewards and still get #USDT reflections all at the same time!

Don't get left behind!
@elonmusk @JeffBezos #GameOver #ndcfamily",0,0.0,163.0,ADA
58,1.4285791568502088e+18,2021-08-20 04:46:27,"@VnNguyn13678227 @MiniDOGEToken @elonmusk @NanoDogeCoin is defying the boundaries of #DeFi!
The first ever dual #staking + #INDC!

Stake your #NanoDogeCoin and you'll earn
#NDC, #BTC, #ETH, #ADA rewards and still get #USDT reflections all at the same time!

Don't get left behind!
@elonmusk @JeffBezos #GameOver #ndcfamily",0,0.0,163.0,ADA
59,1.4285791367426458e+18,2021-08-20 04:46:22,"@BITCOINHUSKEY @MiniDOGEToken @NanoDogeCoin is defying the boundaries of #DeFi!
The first ever dual #staking + #INDC!

Stake your #NanoDogeCoin and you'll earn
#NDC, #BTC, #ETH, #ADA rewards and still get #USDT reflections all at the same time!

Don't get left behind!
@elonmusk @JeffBezos #GameOver #ndcfamily",0,0.0,163.0,ADA
60,1.4285791075587236e+18,2021-08-20 04:46:15,"@luckytradingmg @MiniDOGEToken @NanoDogeCoin is defying the boundaries of #DeFi!
The first ever dual #staking + #INDC!

Stake your #NanoDogeCoin and you'll earn
#NDC, #BTC, #ETH, #ADA rewards and still get #USDT reflections all at the same time!

Don't get left behind!
@elonmusk @JeffBezos #GameOver #ndcfamily",0,0.0,163.0,ADA
61,1.4285791060026696e+18,2021-08-20 04:46:15,"@marcinkaleta3 @TheMoonCarl #ADA smart contracts.
Fixed. 
üòäüôè‚ù§Ô∏è https://t.co/ojptflpTj0",0,0.0,670.0,ADA
62,1.4285790824012472e+18,2021-08-20 04:46:09,"@MiniDOGEToken @NanoDogeCoin is defying the boundaries of #DeFi!
The first ever dual #staking + #INDC!

Stake your #NanoDogeCoin and you'll earn
#NDC, #BTC, #ETH, #ADA rewards and still get #USDT reflections all at the same time!

Don't get left behind!
@elonmusk @JeffBezos #GameOver #ndcfamily https://t.co/uVxAD1ggZs",0,0.0,163.0,ADA
63,1.428578938477957e+18,2021-08-20 04:45:35,"@Crypto_Avenger1 @BrianSumner1987 @NanoDogeCoin @NanoDogeCoin is defying the boundaries of #DeFi!
The first ever dual #staking + #INDC!

Stake your #NanoDogeCoin and you'll earn
#NDC, #BTC, #ETH, #ADA rewards and still get #USDT reflections all at the same time!

Don't get left behind!
@elonmusk @JeffBezos #GameOver #ndcfamily",0,0.0,163.0,ADA
64,1.4285789188947517e+18,2021-08-20 04:45:30,"@_Examplee @Crypto_Avenger1 @BrianSumner1987 @NanoDogeCoin @NanoDogeCoin is defying the boundaries of #DeFi!
The first ever dual #staking + #INDC!

Stake your #NanoDogeCoin and you'll earn
#NDC, #BTC, #ETH, #ADA rewards and still get #USDT reflections all at the same time!

Don't get left behind!
@elonmusk @JeffBezos #GameOver #ndcfamily",0,0.0,163.0,ADA
65,1.428578828394369e+18,2021-08-20 04:45:09,"New Skydino Sale! Skydino #2875 sold for 60.0 ADA

https://t.co/wDhQm8ZDVg

#cardinos #cardano #skydinos #nft #ada ü¶ñ ü¶ï https://t.co/q0RL9Yztve",0,2.0,3680.0,ADA
66,1.4285788202994115e+18,2021-08-20 04:45:07,"New Skydino Sale! Skydino #2285 sold for 60.0 ADA

https://t.co/8EgMdBqUq2

#cardinos #cardano #skydinos #nft #ada ü¶ñ ü¶ï https://t.co/WZNDjHDDzs",0,1.0,3680.0,ADA
67,1.4285788127370404e+18,2021-08-20 04:45:05,"New Skydino Sale! Skydino #1799 sold for 55.0 ADA

https://t.co/jZIeQPMJHB

#cardinos #cardano #skydinos #nft #ada ü¶ñ ü¶ï https://t.co/S9A9fD5AzK",0,1.0,3680.0,ADA
68,1.428578811361235e+18,2021-08-20 04:45:04,"New Cardino Sale! Cardino #2972 sold for 40.0 ADA

https://t.co/5uex5V5QtB

#cardinos #cardano #skydinos #nft #adaü¶ñ ü¶ï https://t.co/ixn1sTEonb",0,1.0,3680.0,ADA
69,1.4285783835337318e+18,2021-08-20 04:43:22,"Go through and understand $VRA ...I'm sure you will buy it without wasting time anymore..

#kucoin #altcoin #ADA #btc $btc $eth $bnb $tel $xrp $trias",0,3.0,293.0,ADA
70,1.4285781744058614e+18,2021-08-20 04:42:33,"if you still buying #ureeqa $urqa less then 3$, it means still cheap. EOY $urqa 7usd dont miss the train from 0.6$/per #ADA #MATICNetwork #celernetwork #BTC #Ethereum #Ripple #Binance #BNB #Stellar #doge @TheCryptoLark @davidgokhshtein",0,1.0,27.0,ADA
71,1.428578146375381e+18,2021-08-20 04:42:26,Cardano Nears All-Time High as Investors Await Smart Contracts #crypto #cryptocurrency #cardano #ada #cryptonews https://t.co/lV7TjoLA3e,2,3.0,1260.0,ADA
72,1.4285781228579594e+18,2021-08-20 04:42:20,@adax_pro #ADAX #ADA Killing it today!üöÄüêÇü™ê https://t.co/GaTMWglk62,0,0.0,174.0,ADA
73,1.4285777001474499e+18,2021-08-20 04:40:40,@david_pangle Running upwards! #ADA üöÄ,0,2.0,2722.0,ADA
74,1.4285775766881812e+18,2021-08-20 04:40:10,"New Skydino Sale! Skydino #3309 sold for 55.0 ADA

https://t.co/OmvJiTPEVM

#cardinos #cardano #skydinos #nft #ada ü¶ñ ü¶ï https://t.co/q2gz6dF8ky",0,0.0,3680.0,ADA
75,1.4285775687902986e+18,2021-08-20 04:40:08,"New Skydino Sale! Skydino #663 sold for 55.0 ADA

https://t.co/w6qAjsSzCO

#cardinos #cardano #skydinos #nft #ada ü¶ñ ü¶ï https://t.co/Y1JUHjmY1M",0,2.0,3680.0,ADA
76,1.4285775610896097e+18,2021-08-20 04:40:06,"New Skydino Sale! Skydino #533 sold for 85.0 ADA

https://t.co/s3NuUfusMt

#cardinos #cardano #skydinos #nft #ada ü¶ñ ü¶ï https://t.co/Fx1Kt02eh1",0,1.0,3680.0,ADA
77,1.4285775530029466e+18,2021-08-20 04:40:04,"New Skydino Sale! Skydino #3749 sold for 50.0 ADA

https://t.co/PekrSTa8k5

#cardinos #cardano #skydinos #nft #ada ü¶ñ ü¶ï https://t.co/E1GKzoQ4A3",0,1.0,3680.0,ADA
78,1.4285772683313848e+18,2021-08-20 04:38:57,this is a really weird ‚Äúdead cat bounce‚Äù #BTC #ADA #ETH,0,1.0,232.0,ADA
79,1.4285772597454643e+18,2021-08-20 04:38:55,#Staking enabled me to suppress my emotions while HODLing my cryptocurrency. This month has been an exciting ride for my staked #ADA #SOL #DOT #AVAX.,0,0.0,287.0,ADA
80,1.428577243597443e+18,2021-08-20 04:38:51,"@Crypto_Avenger1 @BrianSumner1987 @NanoDogeCoin Thank you Nano Vengers! #NanoDogeCoin #NanoRevolution $NDC $iNDC $DOGE #DefyDeFi 
@NanoDogeCoin #BNB #BTC #ADA #BSCGems #HiddenGems #BSCArmy @elonmusk @anndylian @cz_binance",0,2.0,9.0,ADA
81,1.4285771582896742e+18,2021-08-20 04:38:30,@RichardMcCrackn #Ada isn't listed on @Gemini ?! https://t.co/PrwdZIxyiX,0,0.0,90.0,ADA
82,1.4285769390869094e+18,2021-08-20 04:37:38,"ADA price aims for a new ATH, but history says Cardano may pull back first 

#Cardano #cardanofeed #ADA #crypto #cardanocommunity #bitcoin #altcoin #blockchain #cryptocurrency #cryptonews #btc $ADA
https://t.co/GfjTU8J10g",1,10.0,6585.0,ADA
83,1.4285765311823913e+18,2021-08-20 04:36:01,"#Binance Futures Liquidated on:
üîµ #BTCUSDT $70,210 @ 47,010 
üî¥ #ADAUSDT $29,654 @ 2.42611 
üî¥ #DENTUSDT $17,223 @ 0.00772600 

#FTX Futures Liquidated on:
üî¥ #ADA-PERP $56,221 @ 2.43428 

#cryptotrading https://t.co/RQMirsHfU6",0,0.0,2842.0,ADA
84,1.428576450970624e+18,2021-08-20 04:35:42,Damn what is this. Lol #bitcoin #Ethereum #Cardano #cryptocurrency #crypto #BNB #dogecoin #xrp #cro #ADA #altcoin #cryptocurrencies #Binance #ETH #crypto https://t.co/OsA48S0lCU,0,2.0,10.0,ADA
85,1.4285763038091837e+18,2021-08-20 04:35:07,"New Skydino Sale! Skydino #57 sold for 55.0 ADA

https://t.co/zjefiSfUST

#cardinos #cardano #skydinos #nft #ada ü¶ñ ü¶ï https://t.co/FgA9ECn9rZ",0,0.0,3680.0,ADA
86,1.4285762951648174e+18,2021-08-20 04:35:05,"New Skydino Sale! Skydino #3645 sold for 120.0 ADA

https://t.co/drEF29Pgmi

#cardinos #cardano #skydinos #nft #ada ü¶ñ ü¶ï https://t.co/t0sCLaAARk",0,1.0,3680.0,ADA
87,1.4285762947076383e+18,2021-08-20 04:35:04,"New Cardino Sale! Cardino #9348 sold for 35.0 ADA

https://t.co/kgJMQcu5ds

#cardinos #cardano #skydinos #nft #adaü¶ñ ü¶ï https://t.co/C9xKY7f97w",0,0.0,3680.0,ADA
88,1.428576282338644e+18,2021-08-20 04:35:02,"#Binance Futures Liquidated on:
üîµ #BTCUSDT $70,210 @ 47,010 
üî¥ #ADAUSDT $29,654 @ 2.42611 
üî¥ #DENTUSDT $17,834 @ 0.00766400 

#FTX Futures Liquidated on:
üî¥ #ADA-PERP $56,221 @ 2.43428 

#cryptotrading https://t.co/RQMirsHfU6",0,0.0,2842.0,ADA
89,1.4285762594165432e+18,2021-08-20 04:34:56,"#Caradano !!! - testing the All time high! On July 21st not many have believed you right? ...... @cryptorecruitr #ADA .... will it break through?!!!  #Crypto #Bitcoin ... I say YES IT WILL, what say you!? https://t.co/E0KsFOw6Yo",0,1.0,80.0,ADA
90,1.4285762115933102e+18,2021-08-20 04:34:45,Some of you may think it's too late to buy #ADA but it's not! we've just begun,0,0.0,9.0,ADA
91,1.4285760654343127e+18,2021-08-20 04:34:10,I feel like #Cardano needs a little more love them what it's gets. #Ada @cryptorecruitr https://t.co/01FZOJXQ4W,1,3.0,6073.0,ADA
92,1.4285759535471452e+18,2021-08-20 04:33:43,The true foothold in market cap flippening $ADA has taken over $BNB has just made my day. #Cardano #ADA #IOHK #ERGO,0,1.0,89.0,ADA
93,1.4285753823120835e+18,2021-08-20 04:31:27,#Cardano (ADA) is ripping. Love it an can't wait to see where it goies from here! #Crypto #ADA #Cryptocurency,0,1.0,1085.0,ADA
94,1.428575309482365e+18,2021-08-20 04:31:10,I am well #Cardano #ADA,0,1.0,41.0,ADA
95,1.4285750539821916e+18,2021-08-20 04:30:09,"New Skydino Sale! Skydino #3339 sold for 75.0 ADA

https://t.co/CqNcKly5al

#cardinos #cardano #skydinos #nft #ada ü¶ñ ü¶ï https://t.co/DpdP9mX6Yh",1,2.0,3680.0,ADA
96,1.4285750462730117e+18,2021-08-20 04:30:07,"New Skydino Sale! Skydino #8 sold for 50.0 ADA

https://t.co/UKr5Vt7iNX

#cardinos #cardano #skydinos #nft #ada ü¶ñ ü¶ï https://t.co/oiZrGk1mBr",0,0.0,3680.0,ADA
97,1.4285749810096906e+18,2021-08-20 04:29:51,@CryptoGodJohn @charles_shapes Aye enjoy it bro! #Ada,0,5.0,323.0,ADA
98,1.4285743740016271e+18,2021-08-20 04:27:27,@cryptorecruitr Send it to new all time highs #ADA https://t.co/KmG1y7Zrz8,0,2.0,11898.0,ADA
99,1.4285738775470203e+18,2021-08-20 04:25:28,"- #Bitcoin price found support near USD 44,000 and climbed above USD 47,000.
- #Ethereum is back above USD 3,200.
- #XRP traded above the USD 1.20 resistance.
- #ADA is up over 15% and it surpassed the USD 2.40 level.

https://t.co/XHhkjhWTLx",2,7.0,41790.0,ADA
100,1.4285735878882304e+18,2021-08-20 04:24:19,#Elliottwave updates - #Cardano - See how it moves against analysis over the updates (long term and short term)  $ADAUSD #ADA #cryptocurrency #Crypto https://t.co/7gRVr4udvC,1,3.0,1297.0,ADA
101,1.4285735762238136e+18,2021-08-20 04:24:16,#ADA is coming üöÄ https://t.co/zpEj5EifIL,1,1.0,818.0,ADA
102,1.4285734796877865e+18,2021-08-20 04:23:53,"@KyuubiKurama7 Participating, thanks #KyuubiKurama7 a good community, for this great $KYB airdrop event
@Nguyenduny87 
0xd4417860dfF8FF962C34f15E7406119510cD6cb2
#KYB #KRM #BTC #BNB #BSC #KYUUBI #ETH #shiba #doge #kurama #naruto #Boruto #kyuubiarmy #kyubi #airdrop #ADA #crypto #burn #giveaway",0,0.0,139.0,ADA
103,1.428573375702569e+18,2021-08-20 04:23:29,"@KyuubiKurama7 Good project üëç
My bsc account
0x4642cB7d55604eCed8aef6EaEb47097D04A42862
#KYB #KRM #BTC #BNB #BSC #KYUUBI #ETH #shiba #KURAMA #NARUTO #BORUTO #kyuubiarmy #KYUUBI #Airdrop #ADA #Crypto #BURN #giveaway",0,0.0,10.0,ADA
104,1.4285731137726505e+18,2021-08-20 04:22:26,Waking up to new ATH #Cardano #ADA now off to 3$ https://t.co/jklB4iobmV,0,4.0,28.0,ADA
105,1.4285726361713623e+18,2021-08-20 04:20:32,"@NanoDogeCoin is defying the boundaries of #DeFi!
The first ever dual #staking + #INDC!

Stake your #NanoDogeCoin and you'll earn
#NDC, #BTC, #ETH, #ADA rewards and still get #USDT reflections all at the same time!

Don't get left behind!
@elonmusk @JeffBezos #GameOver #ndcfamily https://t.co/nQkeBWmjVw",0,0.0,216.0,ADA
106,1.42857238616567e+18,2021-08-20 04:19:33,Stoked for what the future holds #ADA #Cardano #SundaeSwap https://t.co/vOzNZWv7H6,0,0.0,36.0,ADA
107,1.4285718961325056e+18,2021-08-20 04:17:36,"2nd block for e-285 &amp; welcome to our latest delegators ü§ó Remember to #Stake2Retro ‚ù§Ô∏è

#CardanoCommunity #ADA $ADA #Cardano #Stakepool https://t.co/PsIfrgEb9D",1,7.0,1401.0,ADA
108,1.428571843988951e+18,2021-08-20 04:17:23,Hello #cardano holder keep safe our cardano all over the world. There is no Giveaway #Ada it's a scam. Tighten your belt we are about to üöÄüöÄüöÄüöÄ 5$,0,2.0,0.0,ADA
109,1.4285714095554929e+18,2021-08-20 04:15:40,My #ADA is doing great ‚ù§Ô∏è‚Äçüî•üò≠,0,0.0,129.0,ADA
110,1.4285712587450655e+18,2021-08-20 04:15:04,I love when I'm right. #ADA,0,1.0,550.0,ADA
111,1.428571223819182e+18,2021-08-20 04:14:55,"No.
but a new All-Time High
$2.4383
Date of ATH
8/19/2021
#ADA #CardanoCommunity",0,1.0,142.0,ADA
112,1.4285710138774077e+18,2021-08-20 04:14:05,Top 10 mention: #bitcoin #near #sol #eth #ada (new ATH) #Doge #xtz #rqe #axs #xdc https://t.co/TSIHf2lj39,0,1.0,17.0,ADA
113,1.428570431854981e+18,2021-08-20 04:11:47,Bullish cup and handle pattern sets #ADA price up for a new ATH https://t.co/ZJGEiYeU5T,8,38.0,31019.0,ADA
114,1.428570316385575e+18,2021-08-20 04:11:19,"#ADA Going into price discovery 
If you didn't see this coming not sure why you are here
$3 is on the table now https://t.co/ByEvoZRE5K",4,24.0,17220.0,ADA
115,1.4285703029260534e+18,2021-08-20 04:11:16,One does not simply sit at $1.40 #ADA https://t.co/69Nr4NU8l2,1,1.0,84.0,ADA
116,1.4285701811947643e+18,2021-08-20 04:10:47,The road to #singularity has begun. ü§∑üèª‚Äç‚ôÇÔ∏è Good luck and God Speed everyone. #cryptocurrency #crypto #bnb #Bitcoin #100xCoin #AcceptDOGE #ADA #strongblock #Tesla #tech #AI #EthereumClassic #BreakingNews https://t.co/VW2DeSVvqV,0,0.0,178.0,ADA
117,1.4285697951846318e+18,2021-08-20 04:09:15,"You should check out $CATE of @TechCashDeFi @BSCGemdoctor üßêüíé
#CashTech is my fav gem as it is a multi-chain wallet solutionüíØ
‚úÖThe Team is Aiming to launch Full App this month
‚úÖWeekly AMA https://t.co/jd4DrXjh3n
$BNB $ADA #ADA #ayeshaakram #BTSARMY https://t.co/Oaa9cFmXQB https://t.co/9XfHemcN4R",0,0.0,364.0,ADA
118,1.4285692737487872e+18,2021-08-20 04:07:11,"@KyuubiKurama7 #KYB #KRM #BTC #BNB #BSC #KYUUBI #ETH #shiba #doge #kurama #naruto #Boruto #kyuubiarmy #kyubi #airdrop #ADA #crypto #burn #giveaway 

All tasks done

0xF95E4902bC6608d8e95446C313CEC0D5D527a5b3",0,0.0,41.0,ADA
119,1.4285690501713306e+18,2021-08-20 04:06:17,"@AltcoinGordon Listen to my #shill here for a sec 

#Tezos is 1/20 value of #ada with a fully functioning smart contract platform. #NFTs #DeFI ; it‚Äôs all here, working and being used 

Put your #ada bag into #tezos. Pickup a #tezos megaphone and 20x again like you did with #ada",0,0.0,108.0,ADA
120,1.4285689475997082e+18,2021-08-20 04:05:53,"Track all coins at a glance and catch runs. Try https://t.co/LRb24FW1Ot so you can find out where #cryptocurrencies are moving

#BTC #ETH #CHSB #FTM #GRT #ALGO #CRV #KSM #ADA #MATIC #SUSHI #RUNE #DOT #XDC #ICP #TEL #VET #NEO #FTT #SNX https://t.co/uxJf693VUf",0,0.0,177.0,ADA
121,1.4285688866565038e+18,2021-08-20 04:05:38,Is $2 the new $1 for ADA? #Cardano #ADA #Crypto,1,4.0,68.0,ADA
122,1.428568788635693e+18,2021-08-20 04:05:15,Cardano investors wonder whether resistance can prevent ADA from retesting $2.30 #crypto #cryptocurrency #cardano #ada #cryptonews https://t.co/LaL67UKHCd,0,1.0,1260.0,ADA
123,1.4285687770299392e+18,2021-08-20 04:05:12,"This #Pandemic shattered the life of many #children. They are gonna miss these few years in their schooling memories. Here is a #art through #NFT to remember those kids.

#ETH #XRP #ADA #artists
#NFTartists #NFTs #COVID19 #lockdown #NFTCommunity https://t.co/JcMQqm5ywz",2,6.0,153.0,ADA
124,1.42856867165218e+18,2021-08-20 04:04:47,Making little profits with #ADA and #FTM,0,0.0,27.0,ADA
125,1.4285686670764073e+18,2021-08-20 04:04:46,#ADA must have in your portfolio,0,0.0,11.0,ADA
126,1.4285686127389778e+18,2021-08-20 04:04:33,"Bitcoin, Ethereum, Dogecoin Rise But Cardano's Rise Eclipses Gains Of Major Cryptos https://t.co/NqWCcLTxal #ADA #BTC https://t.co/WRt8zXc5HD",0,0.0,260933.0,ADA
127,1.4285683316578222e+18,2021-08-20 04:03:26,Wath @jackingrm live on #youtube #ADA @CryptoPetz_CNFT,0,2.0,13.0,ADA
128,1.4285680548422e+18,2021-08-20 04:02:20,"#Aichain , #ADA #vechain are on fire!  üî• 

#PancakeSwap https://t.co/93YkeP8ysC",0,0.0,63.0,ADA
129,1.4285678661740175e+18,2021-08-20 04:01:35,#ADA is eyeing up a new ATH üí• https://t.co/NtfKeQULsr,2,6.0,7393.0,ADA
130,1.428567830862e+18,2021-08-20 04:01:27,@BLOCKCHA1NFUN I am sick of paying transaction fees at all. I will not even buy #ADA I will buy FEE FREE #hathor.,0,0.0,141.0,ADA
131,1.4285676905289687e+18,2021-08-20 04:00:53,@brian_armstrong Choose #ADA $ADA,0,0.0,40.0,ADA
132,1.428567609927209e+18,2021-08-20 04:00:34,"The price of #Cardano is currently $2.40
 #Crypto $ADA #ADA
 https://t.co/J02x1QpQ5s",1,1.0,773.0,ADA
133,1.4285675718303007e+18,2021-08-20 04:00:25,"YOUR PRIVATE TRADING ASSISTANT üöÄ

#AI look at daily charts $ADA #ADA

According to the daily chart, ADA/USD has bounced off the bottom at 0.83900602. Price is trading with the...

Just choose your coin and be an expert!
#crypto #trading

CHECK https://t.co/Gm1Mua8CwN https://t.co/bmWwLM5nKT",0,0.0,265.0,ADA
134,1.4285675706811556e+18,2021-08-20 04:00:25,"YOUR PRIVATE TRADING ASSISTANT üöÄ

#AI look at hourly charts $ADA #ADA

As we look on the one-hour chart, after a period with relatively lower volatility, one can observe a dynamic...

Just choose your coin and be an expert!
#crypto #trading

CHECK https://t.co/Gm1Mua8CwN https://t.co/kJZvY9FA1H",0,0.0,265.0,ADA
135,1.4285675522470912e+18,2021-08-20 04:00:20,"Your hourly #Cardano updateüì¨

- Hourly closing of #ADA: $2.397 $ADAUSD
- Hourly price change: -0.87 %üìâ
- 12 hr Vol. trends downwards
- Trading above 200 hr MA($2.0642)
- RSI 14 at 67.3

#trade #crypto #ADA",0,0.0,1366.0,ADA
136,1.4285675264226304e+18,2021-08-20 04:00:14,"Cardano - ADA
Price: $2.39
Change in 1h: -0.97455474%
Market cap: $76,905,090,013.19
Ranking: 3
#Cardano #ADA",0,0.0,4345.0,ADA
137,1.4285674777605325e+18,2021-08-20 04:00:02,"To succeed with your #crypto #portfolio, buy #ADA , #XLM , #XEM , #ZIL, #MANA and #TRX. We had better performance with this crypto than #BTC (up 1000% in 2 years). It's still time to jump on it.#Cardano was 10 times more successfull than #BTC the last year https://t.co/FlEGrC1Q8J",0,0.0,16872.0,ADA
138,1.428567466561708e+18,2021-08-20 04:00:00,"The top 10 performing cryptocurrencies this hour
(1) $OGN or #OGN
(2) $KNC or #KNC
(3) $MKR or #MKR
(4) $REN or #REN
(5) $MANA or #MANA
(6) $ADA or #ADA
(7) $MATIC or #MATIC
(8) $CRV or #CRV
(9) $UNI or #UNI
(10) $ENJ or #ENJ",0,1.0,205.0,ADA
139,1.4285672885973852e+18,2021-08-20 03:59:17,"Anyone in the #Cardanocommunity wanna team up on a crypto based @OnlyFans type platform since only fans has decided to go out of business?

@IOHK_Charles, any interest?

Would this kind of app be allowed to seek funding on #Catalyst?

#Ada is for everyone right?",0,0.0,90.0,ADA
140,1.428567152697639e+18,2021-08-20 03:58:45,"Everyone in #Bitcoin, #Ethereum, #Ada #Monero, #UniswapV3 #ERC20 #NFT Everyone should want this future with a FEE FREE DEX. https://t.co/JqkEmoCVOd",0,0.0,141.0,ADA
141,1.4285669249763287e+18,2021-08-20 03:57:51,Let's go #ada keep on pumping!! https://t.co/ydjpkE3frQ,0,0.0,83.0,ADA
142,1.4285669242507837e+18,2021-08-20 03:57:50,GRT__The Graph   |CRYPTO |BUY BUY___   #ADA   #BNB   #GOLD   #UNI   #CHAƒ∞NLƒ∞NK   #CURRENCY   #CHF   #CURRENCY   #FOREX   #FIL      82,0,0.0,3.0,ADA
143,1.428566899013546e+18,2021-08-20 03:57:44,"I see you üòç 

New stake when the price of #ADA is going up is a great sign, we're not selling out, we're getting stronger.

‚ö°Delegators you are the power of the network, your participation &amp; confidence is what makes us great 
üôåüèæ‚ù§üôåüèæ #GROW https://t.co/XxESuHiLmI",0,3.0,2480.0,ADA
144,1.428566871700394e+18,2021-08-20 03:57:38,@cardano_whale #ADA is gonna surprise the negative people and prove those who believed were right the whole time,0,2.0,24.0,ADA
145,1.4285666359343227e+18,2021-08-20 03:56:42,"@CryptoGainzz No one told me, tell us about the next #ADA that's out there now..#VET?",0,1.0,20.0,ADA
146,1.4285664347209277e+18,2021-08-20 03:55:54,"You Know You Know üëΩ

#Xoada #ada @XOADAX #MemeContest https://t.co/yJOZe8ZRoz",0,0.0,70.0,ADA
147,1.428566381880959e+18,2021-08-20 03:55:41,"#ADA pumping, #VET up, #XRP getting more traction again and @PORNROCKET_ poised to take the reigns from @OnlyFans. Good day to be holding any of these.
@Cardano @vechainofficial @Ripple_XRP1",0,1.0,16.0,ADA
148,1.428566000849494e+18,2021-08-20 03:54:10,@AltcoinDailyio I'm glad I kept my #ADA and ignored all of the negative comments in CT.,0,0.0,287.0,ADA
149,1.4285657946617037e+18,2021-08-20 03:53:21,"Monero Price Analysis: XMR Coin Gains 21%, Price Action Is Favorable https://t.co/UCUz8EKLdt #cryptocurrencies #cryptonews #bitcoin #bsc #ada",0,1.0,1107.0,ADA
150,1.4285654460983951e+18,2021-08-20 03:51:58,"8 Most Anticipated Cardano Projexs
#smartcontracts #DeFi #Cryptocurency #ADA #Cardano #CardanoCommunity #Adax #SundaeSwap #Coti #NervosNetwork #singularitynet #occamfi #charli3 #gerowallet https://t.co/oQBz1pTzqI",0,4.0,22.0,ADA
151,1.4285654294678364e+18,2021-08-20 03:51:54,"#ADA #Cardano 
Taking 4k in profit off the table - thinking we need to retest 2.25-2.18 https://t.co/8GdoNKyVFW",1,3.0,340.0,ADA
152,1.4285652339714826e+18,2021-08-20 03:51:07,GRT__The Graph   |CRYPTO |THE RISING MARKET___   #DASH   #THETA   #ADA   #FX   #ICX   #TERRA   #THETA   #FIL   #FOREX   #DOGE      28,0,0.0,3.0,ADA
153,1.4285650930888253e+18,2021-08-20 03:50:34,#ADA short 5x ü§ûüèª https://t.co/PF15rHZEj8,0,2.0,81.0,ADA
154,1.4285649131993457e+18,2021-08-20 03:49:51,"In case nobody notice, #Cardano #ADA just broke ATH at $2.45, I think We are getting closer to $5. Go $ADA and Go $PIGY #PIGYToken",1,3.0,2019.0,ADA
155,1.4285646921091236e+18,2021-08-20 03:48:58,"#CryptoPanic all positive news for #crypto üí•üí• supporting #btc #eth #ada #matic üî•üî•
üí•HOTüí• $btc can break $50K soon
üí•HOTüí• $ada can hit 604% for next rally
üí•HOTüí• #polygon will create a DAO
üí•HOTüí• #WellsFargo &amp; #JPMorgan will partner with #NYDIG to launch #btc fund üî•üòú https://t.co/ZBg7M16LY2",1,0.0,114.0,ADA
156,1.4285643345238098e+18,2021-08-20 03:47:33,"..$CUMMIES to #Uranus üöÄüöÄüöÄ

@CumRocketCrypto going to be the best place for content creators to #own their content

#Altcoins #ADA #BTC #BNB #ETH #cryptocurrency #cryptotrading #cryptotwitter #HODL https://t.co/K27qAxcyBh",1,0.0,89.0,ADA
157,1.428564279318524e+18,2021-08-20 03:47:20,Up up and away üöÄüöÄüöÄüî•üî•üî• #babysaitama #cryptocurrency #Cardano #ADA #dogecoin #2TheMoon #BabyDogeCoinArmy #shiba #CryptoGems #trading #elonmusk #newtoken #SHIB #ShibaSwap #bitcoin #cryptonews #blockchain https://t.co/KXDHdiAKYh,0,2.0,139.0,ADA
158,1.428564161202512e+18,2021-08-20 03:46:52,"#ADA 
Need I say more? 
#cryptocurrency 
#ToTheMoonüöÄ",1,3.0,233.0,ADA
159,1.4285637436975104e+18,2021-08-20 03:45:12,"@ahmedifra1 @Nq99Nadeem @BinanceChain Unity is all green
@unitycol @Nq99Nadeem #UnityProtocol #unitycol #BinanceSmartChain #Cryptocurency #cryptocurrency #blockchain #ADA #BSCGems #cryptotrading #BSC https://t.co/e8LoCYt9TH",0,0.0,33.0,ADA
160,1.4285635567153357e+18,2021-08-20 03:44:28,@swervos1 @unsigned_algo I got laid off during Covid.  #ADA and jpegs have made me more than that job ever did!  Godsend indeed!,0,2.0,1383.0,ADA
161,1.428563328742445e+18,2021-08-20 03:43:33,"Cryptocurrency Prices Today on August 19: Cardano, Solana surge over 8% #crypto #cryptocurrency #cardano #ada #cryptonews https://t.co/sJQHl8ZgFm",1,2.0,1260.0,ADA
162,1.4285632412365865e+18,2021-08-20 03:43:12,"Cryptocurrencies Price Prediction: Elrond, SafeMoon &amp; Cardano ‚Äî Asian Wrap 19 Aug #crypto #cryptocurrency #cardano #ada #cryptonews https://t.co/EFCbzEkkhE",1,2.0,1260.0,ADA
163,1.428562751257944e+18,2021-08-20 03:41:15,@AdaCaricatures @elliotrades let‚Äôs get this guy over here on #ADA! #Superfarm LFG! #AdaCaricatures,0,1.0,53.0,ADA
164,1.4285627243849605e+18,2021-08-20 03:41:09,#ADA is about to surpass its ATH.,1,2.0,287.0,ADA
165,1.4285621440863027e+18,2021-08-20 03:38:51,It‚Äôs still early! #ADA üöÄ https://t.co/j2dNXSi2jE,1,2.0,630.0,ADA
166,1.4285620633292718e+18,2021-08-20 03:38:31,"@Crypto__emily By this level today and still #btc is velow its ATH, I think #ADA might reach 8 to 10$ https://t.co/7antR8N46H",0,1.0,26.0,ADA
167,1.4285620341578179e+18,2021-08-20 03:38:24,I‚Äôm wondering how much coronation  #usdt has with #ada whenever usdt goes to #3 on charts Ada has big movement.,0,0.0,9.0,ADA
168,1.428562001354236e+18,2021-08-20 03:38:17,"I‚Äôm bullish on Cardano! üöÄ 
#Cardano #ADA",0,2.0,62.0,ADA
169,1.4285618446758298e+18,2021-08-20 03:37:39,"Earn $0.59 USD daily by one-click data mining.

https://t.co/8RkRk0AkK9

#ADA #cryptocurrency #cryptotrading #CoinMarketCap #HospitalPlaylist2 #dogsoftwitter #dogecoin #Binance #SHIBARMY #Airdropinspector #gems #USDtether #HODL #FreeGuy #Ethereum #ElonMusk #MATIC #SolanaSummer https://t.co/lqYkLeiyrz",1,4.0,25.0,ADA
170,1.4285617144386232e+18,2021-08-20 03:37:08,Tell me you‚Äôve spent money on fake gas without telling me you‚Äôve spent money on fake gas #ada https://t.co/DchjVV6pNP,0,0.0,62.0,ADA
171,1.4285617002032456e+18,2021-08-20 03:37:05,@coingecko #Ada wins this pol.,0,1.0,1193.0,ADA
172,1.4285616994189066e+18,2021-08-20 03:37:05,"@traderrocko #ADA  will be over $2,000",0,0.0,8.0,ADA
173,1.4285616578701025e+18,2021-08-20 03:36:55,@AltcoinDailyio All day #ADA,0,0.0,10.0,ADA
174,1.4285615942130278e+18,2021-08-20 03:36:40,"If you are a crypto investor, you will either invest in #ada at $2.39 today or $10.00 in the future.",1,1.0,26.0,ADA
175,1.4285612916025385e+18,2021-08-20 03:35:27,"#CardanoNFT Get your #ADA #NFTs
 https://t.co/r9vHzibAap",0,1.0,4.0,ADA
176,1.4285612747833467e+18,2021-08-20 03:35:23,GRT__The Graph   |CRYPTO |MARKET CRYPTO BUY___   #COƒ∞N   #DOLAR   #BUY   #EXCEL   #HOLO   #BCH   #ADA   #FOREX   #BAT   #DOLAR      66,0,0.0,3.0,ADA
177,1.428561158441558e+18,2021-08-20 03:34:56,Just copped some more üôèüèΩ this pump is free $ my friends #vet #VTHO #ada #crypto https://t.co/zHs6vcKUwE,1,1.0,25.0,ADA
178,1.4285611565920952e+18,2021-08-20 03:34:55,"@Chriso19701 Yea. People are so strange. I clearly think #EGLD is much better but to not own any of the shitcoin #ada ? That‚Äôs insane to me. It‚Äôs gonna pump on shit news this year. We‚Äôll see after this year the shit coin Ada where it is, but for now all I see is up up up.",0,0.0,309.0,ADA
179,1.4285611248201933e+18,2021-08-20 03:34:48,#ROOBEE #ROOBEE #ROOBEE is ready for another green candle. Lets go to the moon together. #BTC #xrp #vra #babb #mtv #dag #ada #cardano #Cryptocurency,0,0.0,9.0,ADA
180,1.428561103236354e+18,2021-08-20 03:34:43,"#Cardano is very close to break ATH 
My belief it will reach higher levels this cycle

The future 
#ADA #Crypto #cryptocurrencies #cryptotrading #cryptocurrency #blockchain https://t.co/E82e3Sjm1l",0,2.0,26.0,ADA
181,1.4285607925809848e+18,2021-08-20 03:33:28,"The voices of hatred will fade,A black day for the doubters #ada #ADAcardano #Cardano #ADA #CardanoCommunity",1,3.0,220.0,ADA
182,1.428560621247746e+18,2021-08-20 03:32:48,If ‚Äúfuck you money‚Äù had a number how many BTC would that be according to you? #BTC #Tether #Ethereum #BNB #ADA,0,3.0,887.0,ADA
183,1.42856061964988e+18,2021-08-20 03:32:47,!discord !giveaway A bee flew into my car and now lives in the vents https://t.co/acDfkJmgny #twitch #twitchaffiliate #twitchstreamer #apexlegends #overwatch #doge $doge $ada $cardano #ada #twitchgiveaway #fuckcod #cardano,3,2.0,183.0,ADA
184,1.4285605413295923e+18,2021-08-20 03:32:29,"@ahmedifra1 @unitycol @Nq99Nadeem $Unity Holding is Rewarding
@unitycol @Nq99Nadeem #UnityProtocol #unitycol #BinanceSmartChain #Cryptocurency #Airdrop #CoinMarketCap #cryptocurrency #blockchain #ADA https://t.co/iaCrR9sVQ0",0,0.0,33.0,ADA
185,1.428560025530798e+18,2021-08-20 03:30:26,"@Venture2021 I traded my #ADA $0.04 for #TRX $0.02 at the time because Ledger didn't support ADA at the time.
Just waiting for Tron to catch up",0,0.0,115.0,ADA
186,1.4285600130989548e+18,2021-08-20 03:30:23,"YOUR PRIVATE TRADING ASSISTANT üöÄ

#AI look at hourly charts $ADA #ADA

As we look on the one-hour chart, after a period with relatively lower volatility, one can observe a dynamic...

Just choose your coin and be an expert!
#crypto #trading

CHECK https://t.co/Gm1Mua8CwN https://t.co/swND5q1SI9",1,0.0,265.0,ADA
187,1.4285598985314796e+18,2021-08-20 03:29:55,@adamKDean Ah the trust we put into sending large amounts of #ADA to an unknown address. üòÇ  Got to love the #CardanoCommunity   #ADA has increased a bit in value since then lol.,0,2.0,1383.0,ADA
188,1.4285598390101156e+18,2021-08-20 03:29:41,@DariaMoonHunte1 #ADA is teasing all of us ü•µ,0,0.0,457.0,ADA
189,1.4285598344508908e+18,2021-08-20 03:29:40,"wake me up when floor price of
 @spacebudzNFT is 10k #ada
@CardanoBits is 1k #ada
@FingerMonsters is 500 $ada

#Cardano #cnft #CardanoCommunity #CNFTs #NFT #NFTs #NFTCommunity",1,2.0,744.0,ADA
190,1.4285595757420954e+18,2021-08-20 03:28:38,GRT__The Graph   |CRYPTO |Will Rƒ∞SE___   #SELLƒ∞NG   #EURO   #HOT   #CHAƒ∞NLƒ∞NK   #THETA   #ADA   #DEEP   #FIL   #ALGO   #DEEP      21,0,0.0,3.0,ADA
191,1.428559444737241e+18,2021-08-20 03:28:07,"@blockfolio Especially without @Cardano @CardanoStiftung #ada
It just broke ath. Please, can you add it?",0,0.0,13.0,ADA
192,1.4285592618235494e+18,2021-08-20 03:27:24,#ADA  unstoppable,0,0.0,134.0,ADA
193,1.4285591090501673e+18,2021-08-20 03:26:47,"Pump and dump, I feel that.

#Cryptocurency #Bitcoin #Ethereum #ADA #DOT #Bullish",0,0.0,28.0,ADA
194,1.4285590153201623e+18,2021-08-20 03:26:25,"The ocean, the pond, the island #ADA #CardanoADA #Cardano https://t.co/7r5SQJ6Vvz",1,4.0,4.0,ADA
195,1.4285590140324454e+18,2021-08-20 03:26:24,Who remembers buying #CNFTS on google docs? #ADA #Cardano #Early https://t.co/o6FOBDND6l,3,19.0,1383.0,ADA
196,1.4285589141198643e+18,2021-08-20 03:26:01,I have $250 I can spare on a crypto rn. What do I buy? #Cryptocurency #ada,0,0.0,25.0,ADA
197,1.428558831957721e+18,2021-08-20 03:25:41,"$3 Cardano is imminent

#Cardano #ADA #smartcontracts",0,2.0,9.0,ADA
198,1.4285587223060849e+18,2021-08-20 03:25:15,We get by with a little help from our frens #BTC #ETH #ADA #LINK Welcome to the future üöÄüöÄüöÄ,0,0.0,8.0,ADA
199,1.4285585414728622e+18,2021-08-20 03:24:32,"Top cryptocurrency prices today: Bitcoin, Ether slip; Cardano, Solana gain up to 7% #crypto #cryptocurrency #cardano #ada #cryptonews https://t.co/1veiV3qyj8",1,1.0,1260.0,ADA
200,1.4285582096361267e+18,2021-08-20 03:23:13,Growing as ONE #CardanoCommunity #ADA https://t.co/LL0aXtHlND,0,0.0,159.0,ADA
201,1.4285580620889498e+18,2021-08-20 03:22:37,"Cardano my best friend üòçüöÄ
#Cryptocurency #Cardano #ADA #cryptotrading @_Cardano_ADA @HukAleksandra https://t.co/JUAyjJQvQF",1,1.0,5.0,ADA
202,1.4285570967909212e+18,2021-08-20 03:18:47,ADA News: #Bullish cup and handle pattern ‚òï sets #Cardano (#ADA) price up for a new #ATH (#All-time high) üéâüìàüëä... #GoADA!! üìàüöÄ‚úå https://t.co/2jxYV8RAvu,1,4.0,1844.0,ADA
203,1.4285570474783744e+18,2021-08-20 03:18:36,"Today #Bitcoin will touch $50000

#btc #usdt #eth #bnb #Binance #ada #ltc #tron #sol #bake #cake #uni #altcoin",0,3.0,19.0,ADA
204,1.4285570372988477e+18,2021-08-20 03:18:33,"The network effect of #Cardano is undeniable, ecosystem explosion incoming ü•≥ü•≥üí™üí™
#Cardano #ADA #Crypto",5,31.0,2512.0,ADA
205,1.4285569116081562e+18,2021-08-20 03:18:03,"B4 Alonzo, you may need to keep HODLing your #ADA.

#ADA wants more, more.",0,1.0,1193.0,ADA
206,1.4285567018678395e+18,2021-08-20 03:17:13,"Cardano SPO Highlight #2: LORDB 

#Cardano #cardanofeed #ADA #crypto #cardanocommunity #bitcoin #altcoin #blockchain #cryptocurrency #cryptonews #btc $ADA
https://t.co/TosOELiOi7",1,6.0,6585.0,ADA
207,1.428556611581264e+18,2021-08-20 03:16:52,Day trader alert! #CRYPTO sector  The most overvalued symbol is #ADA.  The most undervalued is #XRP.  Watchlists with clear edge. https://t.co/faeKBSZLdr  #WatchList #Alpha #Trading #DayTrading #SwingTrading,0,0.0,650.0,ADA
208,1.4285565831396106e+18,2021-08-20 03:16:45,@salee_van @DavinciMacro @HsakaTrades I see #ADA starting in the developing world and gaining a foothold in that world. Charles is more preoccupied with that world. Africa is his dream. They have some play in Europe too.   The developed world will catch up. Many Americans have ADA and some have created dApps on ADA.,0,0.0,347.0,ADA
209,1.4285560037930107e+18,2021-08-20 03:14:27,"ADA and SIA change your life 
#ADA #SIA #cryptocurrency",0,0.0,27.0,ADA
210,1.4285556945218683e+18,2021-08-20 03:13:13,#AMC #AMCtothemoon #amcstock #AMCAPES #AMCARMY #AMCQueens #AMCTheatres #wallstreetbets #stocks #ADA $AMC $GME $SNDL $SPY $AMD $SOS $DOGE.X https://t.co/ROnKrIsfoE,3,3.0,342.0,ADA
211,1.4285556818465464e+18,2021-08-20 03:13:10,"Who really gives away #Cryptos 
There are plenty of pages, kept posting are they real please? 

Do you recommend any of them ?

#cryptocurrency #BNB #Binance #ADA #SIACOIN #dogecoin #BabyDoge #XRP #XLM #Airdrop #FreeCrypto",0,2.0,25.0,ADA
212,1.4285556579055944e+18,2021-08-20 03:13:04,"Strongest Movers #BTC pair
 1 #TheGraph $grt 
 2 #Algorand $algo 
 3 #Kusama $ksm 
 4 #Cardano $ada 

#altcoins Bullish in BTC
 1 #VoyagerToken $vgx üî•
 2 #Cosmos $atom üî•
 3 #TheGraph $grt 
 4 #Lisk $lsk 

(excluding low caps)

The market is üöÄüöÄüöÄ
#BTC #ETH #ADA #SHIB",2,2.0,5807.0,ADA
213,1.4285553274069402e+18,2021-08-20 03:11:45,"@Biswap_Dex Nice project üè¶

#BSW #DEX #DeFi #ADA 

0xFfA1bBC0A6C17a3233B25B783FA42124a0210195",0,1.0,1391.0,ADA
214,1.4285553084865987e+18,2021-08-20 03:11:41,"#BNB are you ready? üöÄ

#bitcoin #BNB #dogecoin #MATIC #Cryptocurrrency #cryptotwitter #SAFEMOONARMY #ShibaArmy #ADA https://t.co/gcTzUG1KGw",0,2.0,36.0,ADA
215,1.4285551684805796e+18,2021-08-20 03:11:08,"@Venture2021 That's me with #QNT. I missed it big time but I can't get them all. 
I have some #ADA but not nearly enough. It would need to reach $12 to do one of the things I want to do. Might have to wait a couple more months.",0,0.0,269.0,ADA
216,1.4285551216050872e+18,2021-08-20 03:10:56,"@ahmedifra1 @Nq99Nadeem @BinanceChain @GillaniAyat @unitycol The gem is hereüòç
@unitycol @Nq99Nadeem #UnityProtocol #unitycol #BinanceSmartChain #Cryptocurency #Airdrop #BSCGems #BSCGems #blockchain #ADA #Binance https://t.co/KaYp1FwLZW",0,0.0,33.0,ADA
217,1.428555015359189e+18,2021-08-20 03:10:31,SAVE THIS TWEET: $RYOSHI #Ryoshisvision WILL GROW EXPONENTIALLY IN THE NEXT 7 days üî•üî•üî•üî•üî•üî•üî•üî•üî• $doge $shib $jeju $eth $link $dot $saita #Bitcoin #Coinbase #Binance #huobi #upbit #Kucoin #CoinMarketCap #DeFi #ADA #NFTs #NFTCommunity #cryptocurrencies https://t.co/xfup4pSi1T,5,5.0,82.0,ADA
218,1.428554747708117e+18,2021-08-20 03:09:27,@GabsCrypto @RemindMe_OfThis That a boy GAB!  #ADA #Goingfornumber1,0,0.0,1383.0,ADA
219,1.4285546339333284e+18,2021-08-20 03:09:00,"What a great blockchain for investment
Wee are the champion, my friendüé∂
.
.
.
#ADA #Cardano https://t.co/QYqqJALfsb",0,0.0,634.0,ADA
220,1.4285545571525018e+18,2021-08-20 03:08:42,"Imagine getting #ADA #CARDANO here. 

https://t.co/3FZYwJCBWL",0,0.0,136.0,ADA
221,1.4285544071600415e+18,2021-08-20 03:08:06,@KoroushAK you are missing the best top ten performer my friend #ADA,0,0.0,9.0,ADA
222,1.4285543623521444e+18,2021-08-20 03:07:55,"#Cardano #ADA is back up to top 3 and I slept through it??

üåç Follow us @TheRogueEggs
‚≠êRetweet
üåàLike

#nft #nfts #NFTCommunity #NFTartist",0,1.0,7.0,ADA
223,1.428554217208361e+18,2021-08-20 03:07:21,#ADA rejection vs price discovery,1,2.0,223.0,ADA
224,1.4285540242913444e+18,2021-08-20 03:06:35,"@intocryptoverse $GRT Google for blockchain, no competition, works with #eth #sol and #ada to move data",0,2.0,60.0,ADA
225,1.4285539867983544e+18,2021-08-20 03:06:26,@baby_bnb_bsc is showing some love tonight towards @safemoon   Congrats to #SAFEMOON and the #SAFEMOONARMY for standing firm with this great project. #Mindset is everything!!! #cryptocurrency #AVAX #ADA https://t.co/D1LeT7F0fC,0,7.0,12.0,ADA
226,1.4285539795255706e+18,2021-08-20 03:06:24,"If #ADA pushes past its ATH and gets to $5 by the end of 2021, the #FOMO might push it well beyond that as people scramble to get in on the #3 #crypto before it's too late. #Cardano, #Alonzo",0,2.0,113.0,ADA
227,1.4285538600716575e+18,2021-08-20 03:05:56,"Any prediction on how up #Cardano will go from here on? ü§î 

I say it will cross ATH mark 

#ADA",0,1.0,154.0,ADA
228,1.42855382845918e+18,2021-08-20 03:05:48,$ADA about to reach a new all time high in the next 12 hours no doubt #Cryptocurency #ADA #CardanoCommunity,0,1.0,0.0,ADA
229,1.4285534511103468e+18,2021-08-20 03:04:18,"#cnft  

that‚Äôs it. that‚Äôs the tweet. #ada #Cardano",0,0.0,1641.0,ADA
230,1.4285530797927342e+18,2021-08-20 03:02:50,"Unity, A solid and secured project. 
$Unity #UnityProtocol #unitycol @unitycol @HuobiGlobal @CoinDesk @coingecko @cmclistings @cz_binance @cz_binance @elonmusk @Hotbit_news @BTCTN #BTC #BNB #Ethereum #cryptotrading #cryptocurrency #Crypto #ADA #BinanceSmartChain #altcoin #BSC",0,0.0,83.0,ADA
231,1.4285530511246172e+18,2021-08-20 03:02:43,"#ADA did we invalidate the head and shoulders pattern that was going to see ADA back at $0.33 yet? 
 ü•≥üöÄüöÄ
#Cardano #Crypto
https://t.co/wVlyIiEOyp",2,24.0,2512.0,ADA
232,1.4285530473120154e+18,2021-08-20 03:02:42,"#CRYPTO is shooting up! Use https://t.co/NNuyWtu2BL to find where COINS are moving. Track crypto with HIGH buyers and moving in PRICE!

#BTC #ETH #CHSB #GRT #FTM #ALGO #KSM #TEL #MATIC #ADA #RUNE #SUSHI #CRV #DOT #ICP #XDC #VET #UNI #CELO #NEO https://t.co/hAmXMTjkyX",0,0.0,83.0,ADA
233,1.4285528150398894e+18,2021-08-20 03:01:46,"11 hours ago I tweeted how #ADA was still highly under valued. 

Check my pinned tweet.

Hours later we are on a 13% pump and testing all time highs.

Follow for accurate market analysis and relevant news for #cryptocurrency and #NFTs",0,0.0,8.0,ADA
234,1.4285524550218056e+18,2021-08-20 03:00:21,"Your hourly #Cardano updateüì¨

- Hourly closing of #ADA: $2.42 $ADAUSD
- Hourly price change: -0.82 %üìâ
- 12 hr Vol. trends downwards
- Trading above 200 hr MA($2.0616)
- RSI 14 at 71.02

#trade #crypto #ADA",0,0.0,1366.0,ADA
235,1.4285524402997248e+18,2021-08-20 03:00:17,"Cardano - ADA
Price: $2.42
Change in 1h: -0.77123826%
Market cap: $77,661,948,212.78
Ranking: 3
#Cardano #ADA",0,0.0,4345.0,ADA
236,1.4285523773601628e+18,2021-08-20 03:00:02,"To succeed with your #crypto #portfolio, buy #ADA , #XLM , #XEM , #ZIL, #MANA and #TRX. We had better performance with this crypto than #BTC (up 1000% in 2 years). It's still time to jump on it.#Cardano was 10 times more successfull than #BTC the last year https://t.co/P8W8jsQAlL",0,0.0,16872.0,ADA
237,1.4285523671637238e+18,2021-08-20 03:00:00,"The top 10 performing cryptocurrencies this hour
(1) $NU or #NU
(2) $MKR or #MKR
(3) $REN or #REN
(4) $MANA or #MANA
(5) $KNC or #KNC
(6) $ENJ or #ENJ
(7) $OGN or #OGN
(8) $UNI or #UNI
(9) $ADA or #ADA
(10) $OXT or #OXT",1,0.0,205.0,ADA
238,1.4285521847910687e+18,2021-08-20 02:59:16,"When all are pumping, my #C98 is dumping. When all go to down,  my #c98 go to up. This is amazing crypto real profitüöÄ.

#btc #usdt #eth #bnb #binance #ada #ltc #bch #desh #tron #btt #ALTSEASON",0,0.0,19.0,ADA
239,1.428552178545922e+18,2021-08-20 02:59:15,@BCBacker #ADA woo hoo,0,0.0,1160.0,ADA
240,1.4285516197722563e+18,2021-08-20 02:57:02,"One of our #LowCapGem bets üëâ $BHC will soon cross chain into #Cardano

This could happen as soon as smart contracts are launched in Cardano 

#ADA #NFT #NFTmarketplace #billionhappiness 

@CardanoDan @HukAleksandra @BHC_Arnel @LisaNEdwards https://t.co/UH1NzMX99C",1,11.0,16770.0,ADA
241,1.4285512235238236e+18,2021-08-20 02:55:27,"Unity, A solid and secured project. 
$Unity #UnityProtocol #unitycol @unitycol @HuobiGlobal @CoinDesk @coingecko @cmclistings @cz_binance @cz_binance @elonmusk @Hotbit_news @BTCTN #BTC #BNB #Ethereum #cryptotrading #cryptocurrency #Crypto #ADA #BinanceSmartChain #altcoin #BSC https://t.co/I4jPCwEG9t",2,2.0,155.0,ADA
242,1.4285511898393231e+18,2021-08-20 02:55:19,"Ahh see, I got it.
#ADA new all time high!!! https://t.co/KgHe0wxxT4",1,4.0,1313.0,ADA
243,1.428550982686806e+18,2021-08-20 02:54:30,"#ADA $ADA 
.02c off ATH
This is getting exciting again!
#CARDANO",0,0.0,396.0,ADA
244,1.4285509315499827e+18,2021-08-20 02:54:17,Cardano #ADA is at a new all time high Let's go!!! &amp; Smart Contracts on the way let's go!!! #Cardano #Crypto,1,3.0,114.0,ADA
245,1.4285508848546693e+18,2021-08-20 02:54:06,"So this just happened.

I asked #Ada holders what's the reason why Ada deserves a 70 billion marketcap. This was his response.üëá https://t.co/pUOxkbfoGI",0,2.0,3474.0,ADA
246,1.4285505740820357e+18,2021-08-20 02:52:52,"Would you rather have $40k in #ada or a floor @BoredApeYC ? I'd go with the ape, personally",0,2.0,121.0,ADA
247,1.428550463171883e+18,2021-08-20 02:52:26,Indictions of a HUGE breakout coming for @HodlTokenETH.  Don‚Äôt sleep on this. Should be a big weekend for #HODL.  Grab some now or miss out. #cryptocurrency #NFTcollectibles #StarL #feg #floki #ADA https://t.co/ytExaiIwaK,2,3.0,338.0,ADA
248,1.4285504314211738e+18,2021-08-20 02:52:18,#ADA actually lifting Bitcoin right now.,0,0.0,393.0,ADA
249,1.4285500737477059e+18,2021-08-20 02:50:53,"@AltcoinSherpa @HsakaTrades #tron and #jst look primed to shoot to above a 1$ each... #Jst has a circulating supply of 1 billion ü§∑üèº‚Äç‚ôÇÔ∏è it can ramp up quick, I see Tron peaking at 1-3$ and #jst at 3-5$ this cycle. So end of the year

#btc #ada #eth #bnb #doge #sol",0,0.0,394.0,ADA
250,1.428549863344464e+18,2021-08-20 02:50:03,All it takes is one person to ignore your sign. Just heard ‚Äúwhat‚Äôs #ADA?‚Äù as they walked in https://t.co/RpZ9ZhCBOX,0,0.0,313.0,ADA
251,1.4285498451412582e+18,2021-08-20 02:49:58,"@HabenGirma Thanks Haben.  I need a t-shirt with your great line ""don't blame the #ADA, blame the unethical lawyers.""",0,4.0,7281.0,ADA
252,1.42854977344802e+18,2021-08-20 02:49:41,@ellipalwallet how‚Äôs #ADA staking coming?,0,0.0,1837.0,ADA
253,1.4285496868230595e+18,2021-08-20 02:49:21,Alright #ADA Move .time to beat previous  peak 2.47 then go for ATH. After that it will history because #ADA will at 100usd EOY,0,0.0,23.0,ADA
254,1.4285496768196813e+18,2021-08-20 02:49:18,Still got your bag? It‚Äôs gonna be a long ride #ada #cryptocurrency https://t.co/CmDCj8xnrM,0,0.0,2.0,ADA
255,1.4285495726960845e+18,2021-08-20 02:48:53,@Venture2021 Hopefully you get into #xdc. This is a finished product ready to be adopted by huge institutions including the mentioned smart contracts.  #Xrp maxis not recognizing #XDC #xinfin unfortunately. #ADA is a wanna be and  who knows if they ever will deliver!,0,0.0,25.0,ADA
256,1.428549545982636e+18,2021-08-20 02:48:47,ALMOST MADE 8K THIS MONTH OFF MY CRYPTO INVESTMENTS #ADA #SOL #ALGO #ATOM #MATIC #CHZ #AMP https://t.co/AlkxsLWjEt,0,2.0,4337.0,ADA
257,1.4285494972279316e+18,2021-08-20 02:48:35,"IndianArmyPeoplesArmy
#India #playtoearn #PhotoOfTheDay #goodvibes #SeanLock #liveline #like #adoptme #Indian #vcs #MUFC #gh #FPL #beautiful #beauty #BBNaija6 #COVID19 #thursdayvibes #instagood #Trending #IndianArmy #artshare #Digital #lockdown #quotes #iKON #Liberty #JAYB #ADA https://t.co/gOGChX2Nwl",1,0.0,85.0,ADA
258,1.428549297981825e+18,2021-08-20 02:47:48,"Cardano Price Analysis ‚Äì ADA Sees Much Needed Retracement As Buyers Take Short-Term Break 

#Cardano #cardanofeed #ADA #crypto #cardanocommunity #bitcoin #altcoin #blockchain #cryptocurrency #cryptonews #btc $ADA
https://t.co/K7sxEoBI22",1,8.0,6585.0,ADA
259,1.4285492942195343e+18,2021-08-20 02:47:47,"10 Cheap Cryptocurrencies to Check Out 

#Cardano #cardanofeed #ADA #crypto #cardanocommunity #bitcoin #altcoin #blockchain #cryptocurrency #cryptonews #btc $ADA
https://t.co/h5lqDgNmFE",0,1.0,6585.0,ADA
260,1.4285492877686415e+18,2021-08-20 02:47:46,"Top 3 Coins to Watch ‚Äì Week 33 

#Cardano #cardanofeed #ADA #crypto #cardanocommunity #bitcoin #altcoin #blockchain #cryptocurrency #cryptonews #btc $ADA
https://t.co/x0Ao8xIvVP",0,1.0,6585.0,ADA
261,1.4285492797659136e+18,2021-08-20 02:47:44,"ADAX Have Just Changed the Game, Offering Censorship-Resistant DeFi via ADA 

#Cardano #cardanofeed #ADA #crypto #cardanocommunity #bitcoin #altcoin #blockchain #cryptocurrency #cryptonews #btc $ADA
https://t.co/oRJZy18WSG",0,2.0,6585.0,ADA
262,1.4285492737303552e+18,2021-08-20 02:47:42,"Will XRP follow Cardano‚Äôs [ADA] footsteps and hit $2? 

#Cardano #cardanofeed #ADA #crypto #cardanocommunity #bitcoin #altcoin #blockchain #cryptocurrency #cryptonews #btc $ADA
https://t.co/73bZdzSzbX",0,2.0,6585.0,ADA
263,1.4285492690621358e+18,2021-08-20 02:47:41,"Cardano‚Äôs [ADA] price records a 2-month high following network developments 

#Cardano #cardanofeed #ADA #crypto #cardanocommunity #bitcoin #altcoin #blockchain #cryptocurrency #cryptonews #btc $ADA
https://t.co/j9kn97kGGH",0,3.0,6585.0,ADA
264,1.4285492636724183e+18,2021-08-20 02:47:40,"Cardano [ADA]: Failing to breach $1.48 may invalidate the bullish thesis 

#Cardano #cardanofeed #ADA #crypto #cardanocommunity #bitcoin #altcoin #blockchain #cryptocurrency #cryptonews #btc $ADA
https://t.co/fwLeRSTDg8",0,1.0,6585.0,ADA
265,1.4285492581736284e+18,2021-08-20 02:47:38,"Cardano [ADA] awarded with daily gains amidst a bear cycle 

#Cardano #cardanofeed #ADA #crypto #cardanocommunity #bitcoin #altcoin #blockchain #cryptocurrency #cryptonews #btc $ADA
https://t.co/0ZjoSUnUae",0,1.0,6585.0,ADA
266,1.4285492451418767e+18,2021-08-20 02:47:35,"IndianArmyPeoplesArmy
#India #playtoearn #PhotoOfTheDay #goodvibes #SeanLock #liveline #like #adoptme #Indian #vcs #MUFC #gh #FPL #beautiful #beauty #BBNaija6 #COVID19 #thursdayvibes #instagood #Trending #IndianArmy #artshare #Digital #lockdown #quotes #iKON #Liberty #JAYB #ADA https://t.co/DU690CljCT",0,0.0,85.0,ADA
267,1.428549130079531e+18,2021-08-20 02:47:08,"@dweeder @Cardano no worries hold on to that #DOT and #LINK, they will hit the stratosphere eventually.

But yeah selling off #ADA before September when smart contracts start would be insanity!",0,0.0,13057.0,ADA
268,1.428549051331453e+18,2021-08-20 02:46:49,"IndianArmyPeoplesArmy
#India #playtoearn #PhotoOfTheDay #goodvibes #SeanLock #liveline #like #adoptme #Indian #vcs #MUFC #gh #FPL #beautiful #beauty #BBNaija6 #COVID19 #thursdayvibes #instagood #Trending #IndianArmy #artshare #Digital #lockdown #quotes #iKON #Liberty #JAYB #ADA https://t.co/OqT1xbtKXc",0,0.0,85.0,ADA
269,1.4285488665053266e+18,2021-08-20 02:46:05,#cardano #ADA #buy #hold #accumulate              Now we in #Consolidation Mode Next Leg,0,1.0,17.0,ADA
270,1.4285488521397576e+18,2021-08-20 02:46:02,"IndianArmyPeoplesArmy
#India #playtoearn #PhotoOfTheDay #goodvibes #SeanLock #liveline #like #adoptme #Indian #vcs #MUFC #gh #FPL #beautiful #beauty #BBNaija6 #COVID19 #thursdayvibes #instagood #Trending #IndianArmy #artshare #Digital #lockdown #quotes #iKON #Liberty #JAYB #ADA https://t.co/iwe35zYbwP",0,0.0,85.0,ADA
271,1.428548658874757e+18,2021-08-20 02:45:16,@wiremaven He‚Äôs clueless. Keeps tweeting about #Ada negatively. I‚Äôm pretty sure he feels his investments are under serious threat right now.,0,1.0,84.0,ADA
272,1.4285486086814474e+18,2021-08-20 02:45:04,"New Cardino Sale! Cardino #2085 sold for 55.0 ADA

https://t.co/VQHzIc5A4X

#cardinos #cardano #skydinos #nft #adaü¶ñ ü¶ï https://t.co/E4jKwnB20W",0,5.0,3680.0,ADA
273,1.4285483132430213e+18,2021-08-20 02:43:53,"I'm looking forward to the day when I can use my wallet that I thought I wouldn't use anymore.
#ADA #JASMY #BTC #Cardano #XRP",0,0.0,5.0,ADA
274,1.4285482673950147e+18,2021-08-20 02:43:42,morningg u üåπ #ADA https://t.co/JJCO7Un2cR,0,0.0,79.0,ADA
275,1.4285481436798976e+18,2021-08-20 02:43:13,"@luxdiei #NanDogeCoin 1) under 9 mill MC launched 2 weeks ago 2) 15% USDT reflections automatically sent to wallet 
3) Revolutionary staking platform which rewards in 3 ways: a) more $NDC b) your USDT Reflections, and c) our shapeshifter token #INDC, which rewards in #BTC, #ETH, #ADA. https://t.co/aIxyqF0vyF",0,0.0,2023.0,ADA
276,1.4285479523986637e+18,2021-08-20 02:42:27,"Cryptocurrencies Price Prediction: Elrond, SafeMoon &amp; Cardano ‚Äî Asian Wrap 19 Aug #crypto #cryptocurrency #cardano #ada #cryptonews https://t.co/EFCbzE2IT4",1,2.0,1260.0,ADA
277,1.42854771633485e+18,2021-08-20 02:41:31,"I know you want it Mrs. $ADA üî• 

It‚Äôs right there it‚Äôs yours TAKE ITüöÄ 

Smash that resistance baby üí•

#cardano #altcoin #ADA #cryptocurrencies #crypto #ATH https://t.co/a5MJyHkJ7U",0,2.0,182.0,ADA
278,1.4285475653608694e+18,2021-08-20 02:40:55,"I can't wait for the ""ADA"" Cardano Smart Contract to be released.

#BHC #HPS #ADA #BSC https://t.co/vmFekfbGXO",5,21.0,5943.0,ADA
279,1.4285474349389169e+18,2021-08-20 02:40:24,#Ada hits ath boommmm,0,0.0,14.0,ADA
280,1.4285472444505375e+18,2021-08-20 02:39:38,Goodnight #Cardano #ADA see you in the AM at #ATH,1,2.0,315.0,ADA
281,1.4285471883182203e+18,2021-08-20 02:39:25,"I think the #crypto  #bullrun  is here  thoughts?

#SAFEMOONARMY  #ADA  #Ethereum  #Bitcoin",1,5.0,1306.0,ADA
282,1.4285471198755963e+18,2021-08-20 02:39:09,"@crypto_stacked @BankBTCApp I'm always Around BSC Network and i see many color around but belive me #NanoDogeCoin is clear and transparent. People are happy to join because the community is genuine and get 15% USDT Reflection plus can use #INDC to double staking and recive #BTC¬† #ADA #ETH Rewards 
#BSCGems",0,1.0,76.0,ADA
283,1.4285470916479345e+18,2021-08-20 02:39:02,#ADA going crazy ü§ë,0,1.0,154.0,ADA
284,1.4285468284637102e+18,2021-08-20 02:37:59,"@intocryptoverse Those who missed #ADA early will love to get #XEP under 1 cent. Great things coming out of the @evoblox
 partnership and @ElectraProtocol is becoming one of the most promising multipurpose blockchains of this cycle!",0,0.0,911.0,ADA
285,1.428546744426586e+18,2021-08-20 02:37:39,"Reading this now...
It's scarily accurate üò≤üò±

@cryptorecruitr , where did you buy your crystal ball? üòÇ

#ADA #Cardano https://t.co/nDtFCWRQFu",2,1.0,32.0,ADA
286,1.4285463535089295e+18,2021-08-20 02:36:06,@panicospangrat2 @CardanoKl @BLOCKCHA1NFUN Feels like a rager to me. #cardano #ada #crypto https://t.co/R5Puc0fNV0,0,1.0,93.0,ADA
287,1.4285462672279798e+18,2021-08-20 02:35:45,"Ooo bnb @ $600 looks beautiful

#bnb #Binance #crypto #cryptocurrency #btc #ADA #altcoin #memes https://t.co/XxTb7q5zZx",0,0.0,62.0,ADA
288,1.4285460406809682e+18,2021-08-20 02:34:51,"Soon $ADA all-time high üöÄüöÄ

What price is it going to hit? 

#Cardano #CardanoCommunity #CNFT #CardanoADA #CardanoNFT $ADA #ADA",1,4.0,910.0,ADA
289,1.42854602090487e+18,2021-08-20 02:34:47,"@BustaRhymes Plus no one is going to throw away there #Bitcoin there's so many other Cryptos out there y would you pick #bitcoin 

What about #ada or $XRP ?",0,0.0,133.0,ADA
290,1.428545902483026e+18,2021-08-20 02:34:18,@CheapAir Hi @CheapAir when do you plan to accept #ADA Cardano ?,0,0.0,20.0,ADA
291,1.428545894933164e+18,2021-08-20 02:34:17,"#BSV is the real Bitcoin! 910/1000
 #BSV #BTC¬†¬†¬†¬†@#XLM #ETH  #ZRX #BCH #CVC #ADA #TRX¬†¬†¬†¬†¬†¬† #COMP #ETC #LTC #OXT #XTZ #ZEC #UNI #DNT #BNB¬†#ETC #DGB #XVG #LINK #DOT #EOS #XMR #XTZ #OKB #XEM #TRX¬†#DOGE #NEO #OMG #WAVES #CREAM #YFI #MIOTA #DASH #VET #QTUM https://t.co/1EcMIyTeKL",0,3.0,160.0,ADA
292,1.428545894744535e+18,2021-08-20 02:34:17,"Next stop $1 üöÄüöÄüöÄüòéüòé

#Adax #Ada #btc #Bitcoin #bnb #doge https://t.co/invzjKq6WK",1,2.0,180.0,ADA
293,1.4285458772291215e+18,2021-08-20 02:34:12,@DogecoinRide Ada is on fire.... So maybe #ada,0,0.0,43.0,ADA
294,1.4285457510937027e+18,2021-08-20 02:33:42,"Big news $btc 
#btc #ada #vet #vtho #bnb
@Bitcoin @vechainofficial @CardanoStiftung https://t.co/IwvHjoWcNA",1,1.0,17.0,ADA
295,1.4285457268673372e+18,2021-08-20 02:33:37,"ADA is ‚ù§Ô∏è Binance Thanks üòÉ. 
#WazirXScam #Wazirx #ADA #altcoin #ALTSEASON #CoinMarketCap #Nischalshetty #Wazirxcare #Retweet",0,0.0,4.0,ADA
296,1.4285456178447892e+18,2021-08-20 02:33:11,Check out our giveaway guys! @anim8bits @cadabears #NFT #CNFT #ADA https://t.co/IG10Z2UTn2,0,4.0,954.0,ADA
297,1.4285455303265157e+18,2021-08-20 02:32:50,"Look at #ADA 24H volume , close to ETH volume. https://t.co/DT0Y9VNges",0,2.0,1193.0,ADA
298,1.4285455197442744e+18,2021-08-20 02:32:47,"@dogeofficialceo @elonmusk The future is tomorrow when #NanoDogeCoin staking platform goes live. Not one, not two, but THREE staking rewards which can all be compounded. Our native BSC token $NDC, the 15% $USDT reflections, and our shapeshifting token #INDC which can reward in #BTC, #ETH, and #ADA, https://t.co/fdZkPSY50d",0,0.0,2023.0,ADA
299,1.4285454518594028e+18,2021-08-20 02:32:31,"#BTC $BTC Good Morning!! Everything is going as planned. We bought the dip and now in profit. Have a Good Day!

#BTC  #Ethereum #BNB #Solana #DOT #ADA #AXS #DOGE #TKObyTokocrypto #TKO #EPS #SUPER #CAKE #BAKE #DEXE #KCS #sol #tvk #tlm",0,0.0,79.0,ADA
300,1.4285453268064543e+18,2021-08-20 02:32:01,"New Stake Pool Delegate! stake1uxk...4ct0vuws delegated 318 ADA

Reginald sends his thanks!

#cardinos #cardano #skydinos #nft #ada #stakepool ü¶ñ ü¶ï

Delegate with us here:
https://t.co/euojyevm6g",0,2.0,3680.0,ADA
301,1.4285450415937823e+18,2021-08-20 02:30:53,"Trending cryptocurrencies on Twitter
#SLP - Smooth Love Potion
#PVU - Plant vs Undead Token
#MBOX - Mobox
#SKILL - CryptoBlades
#ADA - Cardano
#BNB - Binance Coin
#ETH - Ethereum https://t.co/31I4RsqsWG",0,1.0,552.0,ADA
302,1.428544999377965e+18,2021-08-20 02:30:43,I mean wow üëÄ #crypto #ada #scam https://t.co/76cLK68ydK,0,0.0,16.0,ADA
303,1.4285449284942234e+18,2021-08-20 02:30:26,Whole Market is looking healthy! #crypto #Bitcoin #ETH #ADA #Altcoins,0,1.0,49.0,ADA
304,1.4285447219122053e+18,2021-08-20 02:29:37,#ADA #Cardano #CardanoADA Market cap jumped for around 22B for only 1.5 week. Wow üôÇ Is it a good sign?,0,0.0,1.0,ADA
305,1.4285446822971187e+18,2021-08-20 02:29:27,"@crypto_stacked Both. Check out #NanoDogeCoin. They are offering a staking platform where you will earn #BTC #ETH &amp; #ADA 

https://t.co/W9OcHAvyl4
https://t.co/Jc5JKydBJc https://t.co/flYF2T4bw3",1,2.0,43.0,ADA
306,1.428544546049196e+18,2021-08-20 02:28:55,"@AltcoinGordon By 2026 I should be retiring to that house too. (That‚Äôs how long it will take #ADA to hit $200).  WAIT a minute, you meant $2,000 not $200. At this rate it will take #ADA 20 years to reach 2k.",0,0.0,129.0,ADA
307,1.4285445429916877e+18,2021-08-20 02:28:54,#ADA new ATH ü•µü•µ ü§ë,0,0.0,303.0,ADA
308,1.4285444871990272e+18,2021-08-20 02:28:41,#ADA #Cardano  who is having a party with big screen TV showing #Ada pumping ready to take a shot of water at $2.50,0,0.0,54.0,ADA
309,1.4285443684371702e+18,2021-08-20 02:28:13,"@Cardano
#Ada $10 Before Smart Contract Launch !",0,1.0,130.0,ADA
310,1.4285443521885757e+18,2021-08-20 02:28:09,"BIG NEWS IS COMING:::@Sarah_Blake911 @cz_binance @elonmusk #XRP #IndiaWantsCrypto #altcoin #cryptocurrency #Coinbase #ANKR #btc
#BNB #ethereum #Crypto #shiba #SHIB #doge #DogecoinRise #SAFEMOON #BabyDoge #bitcoindiamond #Binance #ADA #Ripple #MATIC #BSCNews #BSCGems #lowmarketcap https://t.co/gmEfs9IUWw",1,1.0,67.0,ADA
311,1.4285443516054282e+18,2021-08-20 02:28:09,"https://t.co/Tzd5XXaBay | #GameFi- #NFTs is a play-to-earn RPG game currently in #presale on the #BinanceSmartChain network. Complete tasks, collect Easter Eggs, earn rewards, battle with friends or join a crew!  https://t.co/j5oh4L1ZwB
#Airdrop #BSC #ICO #Launchpad #ADA #Solana https://t.co/votGwECLcP",0,1.0,15.0,ADA
312,1.4285443461822095e+18,2021-08-20 02:28:07,"Slowly but surely

#ADA 
#CARDANO https://t.co/mjU6oGTp9u",0,0.0,69.0,ADA
313,1.4285441584074342e+18,2021-08-20 02:27:23,#Cardano Cardano Price Explodes As #ADA ADA Approaches All Time High! https://t.co/kof9DaSNWV,2,4.0,5546.0,ADA
314,1.4285439961593078e+18,2021-08-20 02:26:44,"@DogeQueen21 #NanoDogeCoin Is defying the boundaries of #DeFi.

* For 24 hours the buying tax will be reduced to 3 %
* Starting on Aug 20 you can stake your #NDC to earn more #NDC &amp; #USDT 
* Starting next week you can stake your #NDC to earn #BTC, #ETH &amp; #ADA.

Visit: https://t.co/cpzCIyneDC https://t.co/3fqoJ4NOQl",0,0.0,43.0,ADA
315,1.428543839376085e+18,2021-08-20 02:26:07,@BigCheds #ADA Already in price discovery mode!,0,1.0,137.0,ADA
316,1.4285435759402844e+18,2021-08-20 02:25:04,@BRICcelebrateBK thank you for the view in an ADA area great show not‚Ä¶all I see is people‚Äôs heads #ADA #Ableism #BackAtTheBandshell #NYC  #Brooklyn https://t.co/XCoRivE8TV,0,0.0,659.0,ADA
317,1.42854323596254e+18,2021-08-20 02:23:43,"#ProjectCatalyst

Cardano has grown very strongly in recent times. This is the result of the developers' relentless efforts to contribute to the Cardano ecosystem!

Cardano is step by step running to a higher peak! üåÑ

#Cardano $ADA #ADA https://t.co/Asy6JoFfat",5,30.0,1215.0,ADA
318,1.4285431534564844e+18,2021-08-20 02:23:23,#dogearmy #dogecoin #ADA #cryptocurrency Dogecoin Live!! Crypto Update! Technical Analysis Breakdowns https://t.co/gVYncNMLHw via @YouTube,1,1.0,426.0,ADA
319,1.4285431253378785e+18,2021-08-20 02:23:16,I‚Äôll always keep adding to my $ADA wallet. üí™üèºüêÇ #Cardano #ADA,0,0.0,847.0,ADA
320,1.4285430935240212e+18,2021-08-20 02:23:09,"#Coinbase #crypto #trading - 
19:23:08 PST
1. #BTC / #Bitcoin - Buy %: 67 - Sell %: 33 - AVG Hold: 82 Days
2. #ETH - Buy %: 67 - Sell %: 33 - AVG Hold: 79 Days
4. #GRT - Buy %: 16 - Sell %: 84üìâ - AVG Hold: 16 Days
5. #ADA - Buy %: 70üìà - Sell %: 30 - AVG Hold: 73 Days",1,0.0,1042.0,ADA
321,1.4285430310119916e+18,2021-08-20 02:22:54,"More than 100% profit in #WAVES buy call within 24 hour. 

Join us here:- https://t.co/Ce7wMAXObg

$WAVES #TRB $TRB #CTK $CTK #IOTX $IOTX #ADA $ADA #DOGE $DOGE #MATIC $MATIC #FIL $FIL #AXS $AXS #REEF $REEF #HNT $HNT #WRX $WRX #TFUEL $TFUEL #THETA $THETA #ZIL $ZIL #DEFI $DEFI https://t.co/ADu0HeAnQ0",0,0.0,2169.0,ADA
322,1.4285430173680435e+18,2021-08-20 02:22:51,Sell your #ada now on the top with 0 contracts and buy #vet with hundreds of smart contracts. #vechain #cardano #altseason #btc,3,16.0,849.0,ADA
323,1.4285429881673933e+18,2021-08-20 02:22:44,"@Dogecoinrich Fuckkkkk #doge 
my dude #ADA real world applications just hype #CardanoADA all day üî•",1,3.0,17.0,ADA
324,1.4285428224965796e+18,2021-08-20 02:22:04,"Oh yea... today's been a happy dance!
#ADA #DOT https://t.co/aRZjpnwyZ3",0,0.0,431.0,ADA
325,1.428542765080748e+18,2021-08-20 02:21:50,"Which coin do you love the most? 
Comment below for other. My fav coin is 'Vet'. #VET #doge #MATICNetwork #Polygon #Bitcoin #Ethereum #shiba #ADA",1,0.0,6.0,ADA
326,1.4285426052481966e+18,2021-08-20 02:21:12,"Imagine buying #NanoDogeCoin when it was under 9 mill MC before they released their mind bending staking platform that allows stakers to earn more #NDC, #USDT reflections 15%, and #INDC, which is a shapeshifting token that send out rewards in top cryptos like #BTC, #ETH, #ADA. https://t.co/q9ESkfBUiR https://t.co/XkQqE4rfLO",0,1.0,2023.0,ADA
327,1.4285426009701253e+18,2021-08-20 02:21:11,@DogecoinRide At this rate I‚Äôd say #Ada to $5,0,2.0,906.0,ADA
328,1.4285425087918653e+18,2021-08-20 02:20:49,#ada new all time high are we still in a bear market?!?,0,0.0,29.0,ADA
329,1.4285424719827845e+18,2021-08-20 02:20:41,"@CryptosR_Us just made me smile from ear to ear, imagine that..#cardano 25 dollar by the end of the year.. That's gonna be a very Merry Xmass! #crypto #bitcoin #ADA  #coins",0,0.0,96.0,ADA
330,1.42854245036954e+18,2021-08-20 02:20:35,"IndianArmyPeoplesArmy
#India #playtoearn #PhotoOfTheDay #goodvibes #SeanLock #liveline #like #adoptme #Indian #vcs #MUFC #gh #FPL #beautiful #beauty #BBNaija6 #COVID19 #thursdayvibes #instagood #Trending #IndianArmy #artshare #Digital #lockdown #quotes #iKON #Liberty #JAYB #ADA https://t.co/9ACk946Xm2",0,0.0,2.0,ADA
331,1.4285423708369306e+18,2021-08-20 02:20:16,"We salute our Brave Hearts
#India #playtoearn #PhotoOfTheDay #goodvibes #SeanLock #liveline #like #adoptme #Indian #vcs #MUFC #gh #beautiful #beauty #BBNaija6 #COVID19 #thursdayvibes #instagood #Trending #IndianArmy #artshare #Digital #lockdown #quotes #iKON #Liberty #JAYB #ADA https://t.co/FhAhWoPTjn",1,1.0,2.0,ADA
332,1.428542250129281e+18,2021-08-20 02:19:48,"I came samewere written that, #HBAR go much more further than a blockchain
#HBARbarians #Hedera #hederahashgraph #cryptocurrency #Crypto #XRP #ADA #BTC",0,1.0,13.0,ADA
333,1.4285421347814973e+18,2021-08-20 02:19:20,#ada. another leg up incoming,2,8.0,147.0,ADA
334,1.4285421230920458e+18,2021-08-20 02:19:17,"Oh #ada !! :)     killing it !

#xrp #eth #Solana  #btc #ltc",0,3.0,98.0,ADA
335,1.4285419529919775e+18,2021-08-20 02:18:37,"IndianArmyPeoplesArmy
#India #playtoearn #PhotoOfTheDay #goodvibes #SeanLock #liveline #like #adoptme #Indian #vcs #MUFC #gh #FPL #beautiful #beauty #BBNaija6 #COVID19 #thursdayvibes #instagood #Trending #IndianArmy #artshare #Digital #lockdown #quotes #iKON #Liberty #JAYB #ADA https://t.co/8l2aWF6s8X",0,0.0,2.0,ADA
336,1.4285419121142948e+18,2021-08-20 02:18:27,"IndianArmyPeoplesArmy
#India #playtoearn #PhotoOfTheDay #goodvibes #SeanLock #liveline #like #adoptme #Indian #vcs #MUFC #gh #FPL #beautiful #beauty #BBNaija6 #COVID19 #thursdayvibes #instagood #Trending #IndianArmy #artshare #Digital #lockdown #quotes #iKON #Liberty #JAYB #ADA https://t.co/4ffqTM3vvO",0,0.0,2.0,ADA
337,1.4285418565104026e+18,2021-08-20 02:18:14,"IndianArmyPeoplesArmy
#India #playtoearn #PhotoOfTheDay #goodvibes #SeanLock #liveline #like #adoptme #Indian #vcs #MUFC #gh #FPL #beautiful #beauty #BBNaija6 #COVID19 #thursdayvibes #instagood #Trending #IndianArmy #artshare #Digital #lockdown #quotes #iKON #Liberty #JAYB #ADA https://t.co/8Oykaindc0",0,0.0,2.0,ADA
338,1.428541781956698e+18,2021-08-20 02:17:56,"IndianArmyPeoplesArmy
#India #playtoearn #PhotoOfTheDay #goodvibes #SeanLock #liveline #like #adoptme #Indian #vcs #MUFC #gh #FPL #beautiful #beauty #BBNaija6 #COVID19 #thursdayvibes #instagood #Trending #IndianArmy #artshare #Digital #lockdown #quotes #iKON #Liberty #JAYB #ADA https://t.co/ewnHQlDZna",0,0.0,2.0,ADA
339,1.4285415817709036e+18,2021-08-20 02:17:08,#ADA Soon we'll be waiving pass ETH as we slide into #2 spot next month üòâüåõüòÇ,0,0.0,359.0,ADA
340,1.4285415164572877e+18,2021-08-20 02:16:53,"IndianArmyPeoplesArmy
#India #playtoearn #PhotoOfTheDay #goodvibes #SeanLock #liveline #like #adoptme #Indian #vcs #MUFC #gh #FPL #beautiful #beauty #BBNaija6 #COVID19 #thursdayvibes #instagood #Trending #IndianArmy #artshare #Digital #lockdown #quotes #iKON #Liberty #JAYB #ADA https://t.co/aeuG9H7esy",0,0.0,2.0,ADA
341,1.4285414924029501e+18,2021-08-20 02:16:47,"Watch Video:- https://t.co/8pBrHpKahc

#ADA #dogearmy https://t.co/rRGzZBCYaT",0,0.0,144.0,ADA
342,1.4285411935083766e+18,2021-08-20 02:15:36,"Regret Selling #Ada #Xrp
@Cardano @Ripple",0,1.0,130.0,ADA
343,1.4285410653346898e+18,2021-08-20 02:15:05,Thoughts on $ADA #ADA! See mathewsverghese's idea on TradingView below. https://t.co/4vsbluxCjV Trade it here: https://t.co/haK6TQGbkx,0,0.0,1333.0,ADA
344,1.428540610806354e+18,2021-08-20 02:13:17,"Well that's just weird. 

I think they confused using with just holding the #ada token. What are they actually using in their ecosystem? https://t.co/tdiIDpb2WX",0,4.0,3474.0,ADA
345,1.4285405864753316e+18,2021-08-20 02:13:11,"‚úÖ ADAGO #ADA #Cardano @adapools_org #ADAGO
[ ADAGO ] New block! üî•
ADAGO POOL

üõ† Blocks this epoch: 1
üß± Total blocks: 674

More info at:
Pooltool
#ADAGO",1,1.0,2748.0,ADA
346,1.4285405376956088e+18,2021-08-20 02:12:59,LTC__Litecoin   |CRYPTO |MARKET CRYPTO BUY___   #CHF   #COƒ∞N   #TREND   #ELECTRONƒ∞C   #BANK   #USDC   #CHF   #BANK   #CRYPTO   #ADA      77,0,0.0,3.0,ADA
347,1.4285403753254953e+18,2021-08-20 02:12:21,"@Angels N.A.S.T.Y.

#YES 
#ADA #WeBelieve #MLB #baseball https://t.co/FABu2OVPah",1,0.0,8529.0,ADA
348,1.428540307566596e+18,2021-08-20 02:12:04,"What's better than ONE 420?

#Cardano #CardanoCommunity #ada $ada @Cardano_420 https://t.co/3F9WzhdmKF",3,10.0,379.0,ADA
349,1.4285402981294572e+18,2021-08-20 02:12:02,no flex .:. Thoughts on my first 86 days trading crypto #reading #charts #stocks #1inch #altseason #ada $icp $ada $ankr $matic $grt $btc $eth #newb https://t.co/FfxfhM8evo,0,1.0,60.0,ADA
350,1.4285402515768852e+18,2021-08-20 02:11:51,#ADA at $2.45 is hilarious. #Cardano https://t.co/LLUzrYIW7e,1,8.0,1858.0,ADA
351,1.428539959049339e+18,2021-08-20 02:10:41,@TheMoonCarl I'd just go with #ada and stake it untill I can live off the interest,0,0.0,6.0,ADA
352,1.4285398691276431e+18,2021-08-20 02:10:20,"Cardano Price Explodes As ADA Approaches All Time High!

üí° https://t.co/kvtjtLLo6M

#cardano #ADA #lovelace #bitcoin #cardanocommunity #adalovelace #altcoin #btc #blockchain $ADA #cardanonewsfeed #crypto https://t.co/dTQSFl6bq3",0,1.0,32.0,ADA
353,1.4285398032477307e+18,2021-08-20 02:10:04,"New Skydino Sale! Skydino #4133 sold for 49.0 ADA

https://t.co/ikAfG0JdsG

#cardinos #cardano #skydinos #nft #ada ü¶ñ ü¶ï https://t.co/flHOz7uUl1",2,10.0,3680.0,ADA
354,1.4285397588803338e+18,2021-08-20 02:09:54,"$ADA reaches all time high and best performer in my portfolio.
#ADA 
#Cardano 
#cryptocurrency 
#cryptotrading",0,2.0,16.0,ADA
358,1.42853960060407e+18,2021-08-20 02:09:16,#Cardano #ADA  to the moon?!üöÄüöÄ,0,2.0,8.0,ADA
359,1.4285395897115116e+18,2021-08-20 02:09:13,@OnlyFans is a perfect match for #cryptocurrency! Do you agree? How can their management quickly react and keep their platform accessible to all creators? What are your thoughts? #btc #ada #Ethereum https://t.co/vtdKx5KN9w,0,0.0,23.0,ADA
360,1.4285392709275894e+18,2021-08-20 02:07:57,"What do I do? HELP! üî•üòÇ

$ADA #ADA #CardanoCommunity #CardanoADA #Cardano",1,2.0,500.0,ADA
361,1.4285392646404628e+18,2021-08-20 02:07:56,Which Coin Is Ready For A Big Weekend? #Cardano $ADA #ADA #CardanoADA #CardanoCommunity #Polygon #PolygonNetwork #MATIC $MATIC #Poly #VeChain $VET #VET #XRPHolders #XRPCommunity #XRP $XRP #xrpthestandard #cryptocurrency #cryptotrading #cryptonewsdaily #Crypto #altcoins #coin,1,1.0,273.0,ADA
362,1.428539164283216e+18,2021-08-20 02:07:32,Not all #ADA lawsuits are ethical. I wrote about a new U.S. federal court opinion slamming lawsuits that claim to support  #disability rights but don't. As always feedback welcomed: https://t.co/2Jfiw4ke9o  #a11y #deaf,7,22.0,7281.0,ADA
363,1.4285391609613763e+18,2021-08-20 02:07:31,"‚ñ∂Ô∏è Could Meld Change Defi Forever? The Cardano Ecosystem is Coming
https://t.co/oBkHyj97tW #ontdkplay
@CryptoRainn @MELD_labs 

#MeldToken #MeldDefi #Defi #Cardano #Ecosystem $ada #ada",0,1.0,489.0,ADA
364,1.428538890718122e+18,2021-08-20 02:06:27,"#ALTCOINS are going up! Use https://t.co/LRb24FW1Ot to find where CRYPTO MONEY is moving. Find coins with HIGH buyer % and moving in PRICE!

#BTC #ETH #VGX #CHSB #GRT #FTM #KSM #ALGO #ADA #SUSHI #MATIC #DOT #ICP #CRV #TEL #RUNE #UNI #AAVE #VET #XTZ https://t.co/laBu2ccheq",0,0.0,177.0,ADA
365,1.428538527659266e+18,2021-08-20 02:05:00,"üîªüîªüîª $ADA Short Position(v2) üîªüîªüîª

Entry: 2.4225
Target:2.41087
Stop:2.44721

#Binance #Bitcoin #Signals #Sell #ADAUSDT #ADA",0,1.0,15180.0,ADA
366,1.4285384954930422e+18,2021-08-20 02:04:52,"@KyuubiKurama7 BSC : 0x71FBb7049e36AB5eE08eCB970f57B2a1e33121b1

#KYB #KRM #BTC #BNB #BSC #KYUUBI #ETH #shiba #doge #kurama #naruto #Boruto #kyuubiarmy #kyubi #airdrop #ADA #crypto #burn #giveaway",0,1.0,639.0,ADA
367,1.4285382727755407e+18,2021-08-20 02:03:59,LTC__Litecoin   |CRYPTO |BUY CRYPTO___   #ETC   #ADA   #BROKER   #USDCOƒ∞N   #GOLD   #ALGO   #FIL   #BSV   #USA   #Lƒ∞TECOƒ∞N      93,0,0.0,3.0,ADA
368,1.428537887461548e+18,2021-08-20 02:02:27,Will ADA reach his ATH again? #ada #cardano #ath #Altseason2021 #Cryptocurency,0,1.0,33.0,ADA
369,1.4285376373847245e+18,2021-08-20 02:01:28,I am just chilling.. #ada price up that‚Äôs great! I am not here for short term‚Ä¶ but holding long term.,1,1.0,1815.0,ADA
370,1.428537589670183e+18,2021-08-20 02:01:16,@gametraders Leaving your #ADA on Binance hurts #Cardano in multiple ways.,0,0.0,48.0,ADA
371,1.4285375280810598e+18,2021-08-20 02:01:02,"#NFT .com coming soon, sounds interesting. Hard to beat $0.001 to mint an NFT! Last time I minted one on #Ethereum it cost me almost $100 worth of $ETH. 

Try #HBAR, #Hedera $HBAR. 

#Crypto #ADA #Bitcoin #XRP #DOT #Matic #Doge #Dogecoin #Polygon #Cryptocurrency #Blockchain #BTC https://t.co/0BjelXH1ar",2,17.0,2135.0,ADA
372,1.4285373567228436e+18,2021-08-20 02:00:21,"Your hourly #Cardano updateüì¨

- Hourly closing of #ADA: $2.439 $ADAUSD
- Hourly price change: 0.58 %üìà
- 12 hr Vol. trends downwards
- Trading above 200 hr MA($2.0588)
- RSI 14 at 74.42

#trade #crypto #ADA",0,0.0,1366.0,ADA
373,1.4285373528848753e+18,2021-08-20 02:00:20,"Cardano - ADA
Price: $2.44
Change in 1h: +0.99674491%
Market cap: $78,265,562,171.87
Ranking: 3
#Cardano #ADA",0,0.0,4345.0,ADA
374,1.4285373073013596e+18,2021-08-20 02:00:09,"#CARDANO #ADA $ADA #STAKEPOOL #STAKING
#altcoins #cryptotrading #cryptowhale #cryptocurrencies #crypto #cardanopools #yoroi #daedalus

@adasnakepool
Official: https://t.co/iU9xFFHFul

Delegation Ticker: SNAKE
Fixed cost: 340ADA/Epoch
Pool Margin: 0% Until 10M Staked https://t.co/jV0C74BzAL",0,1.0,2307.0,ADA
375,1.4285372937788662e+18,2021-08-20 02:00:06,"üö®LAST HOUR #CARDANO ALERT 
üìà üôÇ Cardano #ADA IS UP 5.14% TO  $2.43
‚è∞ Last Updated 2021-08-20 01:58 GMT

 #cryptomike #cryptocurrency #CARDANO",0,0.0,293.0,ADA
376,1.4285372798580572e+18,2021-08-20 02:00:03,"To succeed with your #crypto #portfolio, buy #ADA , #XLM , #XEM , #ZIL, #MANA and #TRX. We had better performance with this crypto than #BTC (up 1000% in 2 years). It's still time to jump on it.#Ziliqa is the crypto to watch now. Buy it in your portfolio https://t.co/ikdTkx7E9j",0,1.0,16872.0,ADA
377,1.4285372677490647e+18,2021-08-20 02:00:00,"The top 10 performing cryptocurrencies this hour
(1) $MKR or #MKR
(2) $REN or #REN
(3) $NU or #NU
(4) $KNC or #KNC
(5) $MANA or #MANA
(6) $UNI or #UNI
(7) $ADA or #ADA
(8) $LINK or #LINK
(9) $MATIC or #MATIC
(10) $CRV or #CRV",0,2.0,205.0,ADA
378,1.4285368842680852e+18,2021-08-20 01:58:28,"Let's us be honest... It feels good to hold #ADA üòÇ it has been an hell of a ride so far. And it's only starting! 5$ADA-SET
10ish$ADA-DEC",0,0.0,15.0,ADA
379,1.428536639920427e+18,2021-08-20 01:57:30,@cryptorecruitr I‚Äôm glad I hold my #ADA #Cardano since March. Tbh it will probably be one of my long time investment,0,3.0,46.0,ADA
380,1.4285364619015782e+18,2021-08-20 01:56:48,This should be good! #Cardano #ADA #ada #CardanoCommunity #CardanoADA https://t.co/mcXL1jEEdt,0,1.0,1439.0,ADA
381,1.4285364552409743e+18,2021-08-20 01:56:46,"It's happening   #ada #cardano #CardanoCommunity  #Cryptocurency   
https://t.co/mevjWfvIDm",0,0.0,14.0,ADA
382,1.428536199677825e+18,2021-08-20 01:55:45,Staking #ADA turning out to be a real good decision. With the announcement of smart contracts #ADA appears to be going to the üöÄüöÄüöÄüöÄ #CardanoADA,0,0.0,39.0,ADA
383,1.4285361340537324e+18,2021-08-20 01:55:29,@SantaDecides Bruh Santa is getting me more #ADA Cardano,0,1.0,4169.0,ADA
384,1.428536103179473e+18,2021-08-20 01:55:22,We have seen what Cardano can do. Which one will be next? $VET $ZIL $ONE #ADA #VeChain #Zilliqa #Harmony,7,11.0,143.0,ADA
385,1.428536054416429e+18,2021-08-20 01:55:10,Just get getting start that why $ADA is close to ATH. Reminder‚Ä¶just getting start #ADA #HODL #Chilling,0,0.0,161.0,ADA
386,1.4285360355463864e+18,2021-08-20 01:55:06,All time High üôÇ #ADA,0,0.0,1149.0,ADA
387,1.4285359252234772e+18,2021-08-20 01:54:40,@CryptoIRELAND1 Be Kind still feed them. @ADA $ADA #ADA @mortonsalt https://t.co/lSZBGlTLGl,0,1.0,239.0,ADA
388,1.4285358892531302e+18,2021-08-20 01:54:31,"üêã Top 5 cryptocurrency 24 hours price movement

#Bitcoin: $47,140.45 (+4.66%)
#ethereum: $3,229.66 (+6.10%)
#ADA: $2.4247 (+11.62%)
#binance: $432.29 (+7.57%)
#XRP: $1.2228 (+4.67%)

üëâ Follow to bring #trading dashboard right to your feed. https://t.co/pwgHrRUUwo",1,1.0,1242.0,ADA
389,1.4285357545322988e+18,2021-08-20 01:53:59,"#NanoDogeCoin Is defying the boundaries of #DeFi.

* For 24 hours the buying tax will be reduced to 3 %
* Starting on Aug 20 you can stake your #NDC to earn more #NDC &amp; #USDT 
* Starting next week you can stake your #NDC to earn #BTC, #ETH &amp; #ADA.

Visit: https://t.co/cpzCIyneDC https://t.co/zPvTp8i9Up",1,1.0,43.0,ADA
390,1.4285355932275425e+18,2021-08-20 01:53:20,"#ADA is about to go to price discovery mode when it trades above ATHs

For newcombers here, bear in mind that last year the ‚Äúall time high‚Äù was $1.34 then at this  #Crypto bull run mid-cycle, we hit $2.45

For mania phase my targets at $8 to $15 and just depends where  #BTC peaks",3,31.0,16770.0,ADA
391,1.4285353867589468e+18,2021-08-20 01:52:31,I have a goose. Every 5 days she lays #Ada. I call her #Cardano.,0,4.0,152.0,ADA
392,1.4285352479526134e+18,2021-08-20 01:51:58,Why does #ADA maxis are always targeting #Ethereum ‚ÅâÔ∏è don‚Äôt they have eyes to see that there are huge I mean HUGE walls before touching $Eth‚ùìmaybe you guys want to check first #Solana #BNB #Polkadot‚ùìü§î,0,2.0,12.0,ADA
393,1.4285351661131776e+18,2021-08-20 01:51:39,"#ADA at all times high! WAKE THE GIANT! Rarrrr

#Cardano #CardanoADA #cryptocurrency https://t.co/OJReA8ULer https://t.co/InVA5A17pT",3,16.0,19435.0,ADA
394,1.4285351317116723e+18,2021-08-20 01:51:30,üêÇ üìà üö® bullish cup and handle pattern sets cardano ada price up for a new ath #ADA  https://t.co/kU9sNRbHVv,0,1.0,417.0,ADA
395,1.4285351163186258e+18,2021-08-20 01:51:27,I feel something amazing cooking inside the stock and crypto market. #dogearmy #Ethereum #BTC #ADA,0,1.0,35.0,ADA
396,1.4285350733647094e+18,2021-08-20 01:51:17,"Just copped me an artaphakt-UnsigMosh0026 #007
Don't sleep on @artaphakt Guaranteed to make a mark on the #CNFT world #ADA #Cardano https://t.co/kYlyyZ3V7w",1,2.0,9.0,ADA
397,1.4285350222486282e+18,2021-08-20 01:51:04,"When you sold your #ada for a stagnant, non-utility #nft https://t.co/Tluuxql8cn",0,0.0,99.0,ADA
398,1.4285350114442404e+18,2021-08-20 01:51:02,"Cardano #STONKS üìà  #ADA #Cardano

$ADA moved up by 13% in last 24 hours, with current price $2.43

Market Cap: $76,849,169,950
24h Volume: $5,855,378,885",0,1.0,365.0,ADA
399,1.4285349990081372e+18,2021-08-20 01:50:59,"#ADA flirting with that $2.50 mark...

time to put some more money in there any push it closer!!",0,0.0,33.0,ADA
400,1.4285349300033536e+18,2021-08-20 01:50:42,Not Alt-Season but #ADA-Season üöÄ,0,3.0,306.0,ADA
401,1.4285346067063808e+18,2021-08-20 01:49:25,This makes me so happy. Can we get a new all-time high in the next 24 hours??? #Cardano #ADA #ToTheMoon https://t.co/Y4ksH4Mpro,0,0.0,10.0,ADA
402,1.4285342626603213e+18,2021-08-20 01:48:03,#SHIB HOLDERS YOU DID IT ONCE BEFORE AND YOU CAN DO IT AGAIN!! LETS GET $RYOSHI #RYOSHISVISION TO 400K HOLDERS AND BECOME FILTHY RICH ü§ë üí∞üí∏üíµüí∂üí∑üí¥ü§ëüí≤üí≥üßßü™ôü§ëü§ëü§ëü§ëüî•üöÄüî•üöÄüî• $SHIB $doge $jeju #jejudoge $saita #BTC #Ethereum #ada #cryptocurrency #Crypto #BTC #Binance #coinbase https://t.co/QPk62nVu0S,1,2.0,82.0,ADA
403,1.428534116895449e+18,2021-08-20 01:47:29,@davidgokhshtein Send it and I‚Äôll show you that I moved everything to #ADA.,0,0.0,129.0,ADA
404,1.428533873693143e+18,2021-08-20 01:46:31,"$BTC  HOLD &gt;&gt;&gt; https://t.co/itQ47UbShE

#BTC #Bitcoin #bitcoinnews #BitcoinCash #bitcoins #cryptocurrency #cryptotrading #cryptonewsdaily #dogearmy #doge #Coinbase #Cardano #StockMarket #stocks #stockstowatch #Ethereum #ADA #CardanoCommunity https://t.co/vZTWKTgA5O",0,2.0,231.0,ADA
405,1.4285335585622835e+18,2021-08-20 01:45:15,"Get in early. Create something or get in on the ground floor. Don‚Äôt pump their bags..

#BTC #Solana #ETH #Crypto
#ADA #CryptoTwitter #Ethereum https://t.co/JWdMcqQHSU",0,0.0,1052.0,ADA
406,1.4285335082306314e+18,2021-08-20 01:45:03,Thoughts on $ADA #ADA! See kat3samsin's idea on TradingView below. https://t.co/nG2LptNXJS Trade it here: https://t.co/haK6TQGbkx,0,0.0,1333.0,ADA
407,1.4285335033611796e+18,2021-08-20 01:45:02,Every $ADA holders house right now lol #ADA #CardanoCommunity https://t.co/BCFZjWpkFx,0,1.0,131.0,ADA
408,1.4285334243867116e+18,2021-08-20 01:44:43,Hate to say I told you so. #ADA https://t.co/634KVW2Tmp,0,0.0,604.0,ADA
409,1.4285334150877962e+18,2021-08-20 01:44:41,"#ADA still a strong leader
% change correlations since March 2020 lows show:
#Cardano +10,400%
#Ethereum +2,800%
#XLM +1,000%
#Bitcoin +840% 
#XRP +800%
#Litecoin +480%
#EOS +180%
Helps to find the strongest #Crypto to trade &amp; avoid underperformers https://t.co/XY7KfwccxD",1,5.0,3707.0,ADA
410,1.428533276461867e+18,2021-08-20 01:44:08,"@Venture2021 I almost got shook out of my #ADA position by constant FUD, glad I managed to hang on. Do a few things right once in awhile.",0,1.0,766.0,ADA
411,1.42853322623522e+18,2021-08-20 01:43:56,Happy new ATH everyone #ADA https://t.co/3xzszMI9F9,0,1.0,2.0,ADA
412,1.428533047155204e+18,2021-08-20 01:43:13,"Why would you sell when you can get passive income?

#Cardano #ada",2,19.0,536.0,ADA
413,1.428532942763135e+18,2021-08-20 01:42:49,"How Does Cryptocurrency Mining Work? Bitcoin Mining Explained. 

#Cardano #cardanofeed #ADA #crypto #cardanocommunity #bitcoin #altcoin #blockchain #cryptocurrency #cryptonews #btc $ADA
https://t.co/YjErfhgwKc",0,2.0,6585.0,ADA
414,1.4285329376251494e+18,2021-08-20 01:42:47,"NEAR Protocol Price Prediction [NEAR] for 2021, 2022 &amp; 2025 

#Cardano #cardanofeed #ADA #crypto #cardanocommunity #bitcoin #altcoin #blockchain #cryptocurrency #cryptonews #btc $ADA
https://t.co/QfyRMXol6m",0,1.0,6585.0,ADA
415,1.4285329183731917e+18,2021-08-20 01:42:43,#ada about to pass ATH. Bullish,1,3.0,13.0,ADA
416,1.4285329048381358e+18,2021-08-20 01:42:40,"@MSebastiani71 No, It has been delayed until #ADA moons!",0,2.0,4160.0,ADA
417,1.4285325818221773e+18,2021-08-20 01:41:23,@novogratz Yes. #Coinbase Buy #ADA,0,0.0,402.0,ADA
418,1.4285324809996739e+18,2021-08-20 01:40:58,She also has a few lawsuits and cases against her here in #IOWA because of the #TestIowa services that denied ppl of #disABILITY any testing assistance. #ADA @BIA_Iowa @sltrib @freemanlovelljd https://t.co/fXhcmtQWxv,0,0.0,729.0,ADA
419,1.428532460720169e+18,2021-08-20 01:40:54,"@TRyanJones_MUSE My wife's looking at our #Ada bags like... move to Germany, nice house in Germany, a Castle in Germany.",0,1.0,152.0,ADA
420,1.4285323144689336e+18,2021-08-20 01:40:19,#ADA   I‚Äôve just  fasten by seatbelt  üöÄ,0,0.0,1.0,ADA
421,1.42853229891226e+18,2021-08-20 01:40:15,@Cardanians_io #cardano #ADA #buy #hold #accumulate              Now we in #Consolidation Mode Next Leg up                 Ps. New to Twitter                   Instagram IG- justmichael91,0,0.0,17.0,ADA
422,1.428532208155824e+18,2021-08-20 01:39:53,"Blast from the past! @IOHK_Charles and @VitalikButerin  looking so young! #crypto #gurus #ADA #Ethereum
https://t.co/6XHqK6dz9Q",0,2.0,858.0,ADA
423,1.4285320160736584e+18,2021-08-20 01:39:08,@steph_dietz_ @KatieTheRussian @vuejs #cardano #ADA #buy #hold #accumulate              Now we in #Consolidation Mode Next Leg up                 Ps. New to Twitter                   Instagram IG- justmichael91,0,0.0,17.0,ADA
424,1.4285319664549437e+18,2021-08-20 01:38:56,@KatieTheRussian #cardano #ADA #buy #hold #accumulate              Now we in #Consolidation Mode Next Leg up                 Ps. New to Twitter                   Instagram IG- justmichael91,0,0.0,17.0,ADA
425,1.428531897911685e+18,2021-08-20 01:38:39,@Paycom #cardano #ADA #buy #hold #accumulate              Now we in #Consolidation Mode Next Leg up                 Ps. New to Twitter                   Instagram IG- justmichael91,0,0.0,17.0,ADA
426,1.4285318650030408e+18,2021-08-20 01:38:32,@knlae_ #CNFT is King #ADA,0,0.0,402.0,ADA
427,1.4285317983011922e+18,2021-08-20 01:38:16,@RosaRyyti #cardano #ADA #buy #hold #accumulate              Now we in #Consolidation Mode Next Leg up                 Ps. New to Twitter                   Instagram IG- justmichael91,0,0.0,17.0,ADA
428,1.4285317221325455e+18,2021-08-20 01:37:58,@RosaRyyti #cardano #ADA #buy #hold #accumulate              Now we in #Consolidation Mode Next Leg up                 Ps. New to Twitter                   Instagram IG- justmichael91,0,0.0,17.0,ADA
429,1.428531674258813e+18,2021-08-20 01:37:46,@RosaRyyti @btcven @hodlonaut #cardano #ADA #buy #hold #accumulate              Now we in #Consolidation Mode Next Leg up                 Ps. New to Twitter                   Instagram IG- justmichael91,0,0.0,17.0,ADA
430,1.428531649017434e+18,2021-08-20 01:37:40,Did you know you can get funding to start up a practice with 1 year of associating or a residency? #askme #Practice #medical #dental #startup #finance #bank #invest #ada,0,0.0,12.0,ADA
431,1.4285316008121672e+18,2021-08-20 01:37:29,"Join our telegram for #cryptocurrency trading :-

https://t.co/EcMIdFNY4O

#BTC #CoinMarketCap #BinanceSmartChain #BSC #Crypto #babylink #BNB #XRP $XRP #NEO $NEO #TRB $TRB #XEM $XEM #GRT $GRT #SKL $SKL #MATIC $MATIC #RUNE $RUNE #LRC $LRC #BTT $BTT #ADA $ADA #SCRT $SCRT https://t.co/3mXEwQRZVQ",0,0.0,1006.0,ADA
432,1.4285315463409705e+18,2021-08-20 01:37:16,@HaileyLennonBTC #cardano #ADA #buy #hold #accumulate              Now we in #Consolidation Mode Next Leg up                 Ps. New to Twitter                   Instagram IG- justmichael91,0,0.0,17.0,ADA
