,tweet_id,text,retweet_count,favourite_count,followers_count,manual_sentiment
0,1428544186060480515,At the same time they are doing 1.12T in reverse repos‚Ä¶ ü§î MORE #BTC NFA https://t.co/8AIozO7b5p,0,0,3029,
1,1428544182805700608,a process that starts from the bottom to the moon  #NFT #BTC #ETH #VOLTNFT #NFTCommunity #NFTartist #NFTs #Cryptoartists,1,1,723,
2,1428544168620695555,"üî¥ 339 #BTC ($16,021,809) transferred from #coinbase to #coinbase  (Internal transfer) 

 TX: https://t.co/G6w75UG1BB 

 #Blockchain #BTC",0,0,164,
3,1428544168469598214,"üî¥ 410.59,756 #BTC ($19,405,652) transferred from #coinbase to #coinbase  (Internal transfer) 

 TX: https://t.co/G6w75UG1BB 

 #Blockchain #BTC",0,0,164,
4,1428544132578955266,Future of Cryptocurrencies  | FX Meters https://t.co/zhtZg5U1Zk #metatrader #ethereum #forextrading #crypto #ethereum #bitcoin #fx #forex #cryptocurrency #money #btc #trading,0,0,547,
5,1428544045035384835,Congratulations for buying $SFUND in dip @SeedifyFund #BSC #BSCGems #Airdrops #BNB #BTC #ETH #blockchaingaming https://t.co/rbzno5fscO,0,0,1033,
6,1428544020201025545,no trade: #BTC price is 34698 at time 08/20/21 - 03:26:49,0,0,1520,
7,1428543996159307782,"@DogeQueen21 #NanoDogeCoin Is defying the boundaries of #DeFi.

* For 24 hours the buying tax will be reduced to 3 %
* Starting on Aug 20 you can stake your #NDC to earn more #NDC &amp; #USDT 
* Starting next week you can stake your #NDC to earn #BTC, #ETH &amp; #ADA.

Visit: https://t.co/cpzCIyneDC https://t.co/3fqoJ4NOQl",0,0,43,
8,1428543969294651394,"In the beginning...

#GamersUnite #Streamer #USA #RealEstate #100DaysOfCode #BTC #cosplay #AnimalCrossing #gamedev #investing #branding #marketing #startups #Zelda #valorant @Rx0rcist #CallofDuty #nftcollectors #NFTartists #LOL #womenwhocode #pubg #csgo https://t.co/y8QuTMLHTX",0,2,502,
9,1428543813954514951,"Hop in! #BTC #ETH 

https://t.co/EKfyIwkgoZ",0,0,4431,
10,1428543711470923787,"Bitcoin price on 20.08.2021
#btc #bitcoin #crypto #binance #ltc #eth #altcoin #bsc #bscgems https://t.co/86h4Ku1MqU",0,1,260,
11,1428543707305979906,Cryptocurrencies are painting Zombies in my pocket #ETH #BTC #cryptotrading #crypto #elonmusk #Doge #XRP #USDT #DOT #USDC #ICP #cryptocrash,0,1,27,
12,1428543626167164930,"üêã
411 #BTC (14.360.250 USD) will be transfered from #coinbase to unknown address (never used before)

https://t.co/4Mp3erpchf
#bitcoin",1,0,411,
13,1428543617325535233,"Remember that a year ago #btc was below $15,000",0,0,100,
14,1428543557468659712,"Btc Unique Tweet Quantity 

Last 7 Days
#btc #bitcoin #cryptocurrency
More Detail
üëâhttps://t.co/FdYqdKtp3w https://t.co/LhiAw4THTj",0,0,4110,
15,1428543439868735490,@souljaboy Farming #BTC you?,0,2,9395,
16,1428543428762034176,"@AirdropStario Strong project
@NSotej
 
@kmmanik33
 
@BILLAMAN33

#Cyprus #TokenSale #IDO #BTC #BSC",0,0,47,
17,1428543425591267335,Bulls better keep going don't stop here and make it look ugly #BTC https://t.co/QBsaZ2mvMW,0,0,8,
18,1428543388454883328,"#RAY smashed $16 before. With the fresh Binance futures position, it will move closer to the new ath. Its strings are in #Solana's hands though, not #btc' s.

#HODL #BCD #EOS #TEL #ETH #raydium",0,0,20,
19,1428543362177458179,"@cyprustoken Good project

@ami 
@resti 
@irmasoulhealer 

#TokenSale #IDO #BTC #BSC",0,0,9,
20,1428543349472972805,"Would go split if possible, but if not it's #BTC Busta!!

Like Harper said on EYL, we're going to be talking in Satoshi's in the future https://t.co/OSEX4Rm2E1",0,0,33,
21,1428543310671409153,"Check out @bitcoinvendapp, this new project is redefining what it means to be an exchange!
#crypto #cryptocurrency #bitcoin #btc #eth #ethereum #blockchain #investment #cryptonews #cryptotrading #money #business #cryptobulls",0,0,0,
22,1428543185467367426,"#BTC 
At a level I was looking to short had we broken 1D bullish MS.

Not sure what to do with it yet. https://t.co/tLlnCx4AZ3",0,0,156,
23,1428543163900256264,@ETCHToken @CoinMarketCap One and only crpto king #king is #ElonTech hve power to empower you.. #Elontech Will boost u internally...#btc,0,0,5,
24,1428543147605315585,"@KucoinIndia @BenqiFinance Awesome giveaway verified project with amazing milestones coming up
#cryptocurrency #NFT #DeFi #BTC #Kucoin

@khoim6a
@blow_horns
@DrLui2",0,0,173,
25,1428543131977277442,"@cyprustoken Strong project
@NSotej
 
@kmmanik33
 
@BILLAMAN33

#Cyprus #TokenSale #IDO #BTC #BSC",0,0,47,
26,1428543124779933696,"üöÄ $BTC BIG BIDS ALERT üê≥ Avg. Bid Volume: 40 Avg Price: 47191.28
          üó£Ô∏è powered by https://t.co/PXPhJJ4xqa üéµ #Bitcoin #crypto #BTC",0,0,2786,
27,1428543093524021248,"#Coinbase #crypto #trading - 
19:23:08 PST
1. #BTC / #Bitcoin - Buy %: 67 - Sell %: 33 - AVG Hold: 82 Days
2. #ETH - Buy %: 67 - Sell %: 33 - AVG Hold: 79 Days
4. #GRT - Buy %: 16 - Sell %: 84üìâ - AVG Hold: 16 Days
5. #ADA - Buy %: 70üìà - Sell %: 30 - AVG Hold: 73 Days",1,0,1042,
28,1428543071495413761,$BTC A big chance in a billion! Price: \5324555.0 (2021/08/20 11:20) #Bitcoin #FX #BTC #crypto,0,0,1110,
29,1428543035290308608,"If you want to support the content please consider donating &lt;3

#BTC: 3HmoakLnHJ4xDXNV2NoDq91dWkcriYcnWM
#DOGE: DKcjzfvtkidjrNrtUPTHU5ANjxy3DQBwEq
#ETH: 0x9d14cC4de08D2133D1a3E33f9c4b7A80674D7506
#LTC: Lb5oGuUprdCd9pr3WhuuMzj4Wud7UGn1PB",0,0,389,
30,1428543017368043524,Sell your #ada now on the top with 0 contracts and buy #vet with hundreds of smart contracts. #vechain #cardano #altseason #btc,0,1,848,
31,1428543009528950785,#BTC is now at $47140.0,0,0,11,
32,1428542944642957314,"@DNPthree @JebTheGreat_ abso-bleedy-lutely fan-frakkin'-tastic #20kday !

much respect to you, gentlemen!

#BTC or #ETH wallet is very ready üëçüèº‚úåüèº",0,0,473,
33,1428542903865987074,@vanguardngrnews Invest em in $btc #BTC,0,0,146,
34,1428542880751112192,"Compass Mining Says Chase Shut Down Bank Accounts Without Warning
https://t.co/pXWou13tw0
#cryptonewsdaily #Cryptocurency #CryptoNews #bitcoin #btc https://t.co/0k3yj6UJ8T",0,0,70,
35,1428542797070553088,"Second target overnight üí™
47102 ‚úçÔ∏è#BTC printing ü§ù https://t.co/JZBcUCogiw",0,0,830,
36,1428542779857248264,"Is @Tesla going to mine #BTC with this puppy?
#bitcoin #HodlFFS #tesla #AIDay https://t.co/JXu9ZTQDna",0,0,7,
37,1428542728401428486,"#BTC Derivs Sheet (Tweet every 15 min.)
CME Delayed (10 min)
GS Delayed (15 min) and OI = SHARES OUT https://t.co/qadRAZsfIS",0,0,30872,
38,1428542696872837124,"Buy BTC With Your Credit Card / Fast Crypto Exchange 

https://t.co/GwaCvQyQbc 

#Bitcoin #BTC #ETH #XRP #Cryptocurrency 22:21 https://t.co/NLRbPFkZYb",0,0,10273,
39,1428542652127989772,"#Bitcoin now 47K 
#btc",0,0,96,
40,1428542605248196608,"Imagine buying #NanoDogeCoin when it was under 9 mill MC before they released their mind bending staking platform that allows stakers to earn more #NDC, #USDT reflections 15%, and #INDC, which is a shapeshifting token that send out rewards in top cryptos like #BTC, #ETH, #ADA. https://t.co/q9ESkfBUiR https://t.co/XkQqE4rfLO",0,1,2034,
41,1428542532695195655,The chart in 2022 is gonna be dry af cause 2021 gonna suck it dry by eoy ü§° #BTC prolly gonna see $1000 lmaoo,0,0,67,
42,1428542413941788676,"2 da moon $BTC $ETH $BNB $SHIB
üöÄüöÄüöÄüöÄüöÄüöÄüöÄüöÄüåï
#BTC #ETH #BNB #SHIB #SHIBARMY #ShibaSwap #shibainucoin https://t.co/9n1B4mqubG https://t.co/IkOwcPwyAv",0,0,195,
43,1428542372799987718,"Prices with 24h % change
#USDT #BTC #ETH #DOCK #ERN #FUN #MBOX #Binance

$BTC $47094.28 (5.17%)
$ETH $3224.11 (6.93%)

Noticeable Movers
$DOCK $0.103711 (19.91%)
$ERN $19.07 (20.41%)
$FUN $0.028049 (21.05%)
$MBOX $5.011 (154.50%)

Which #crypto would you buy?",0,0,68,
44,1428542303484870659,#BTC.D - BTC.D - TradingView - https://t.co/TMTiA49ToD,0,0,18868,
45,1428542283398344709,"Crypto Coin Minute for August 20th, 2021.
https://t.co/jJMeY6hVpa
https://t.co/VIUkEgyrEr
#bitcoin #litecoin #gbx #gobyte #crypto #ethereum #btc #etht #ltc https://t.co/HZOXsiVc3v",0,0,29,
46,1428542270643441667,"@zellieimani They won't.  They'll fold, and a #btc site will emerge.  I'll fap to neither sites, trusting good ole fashioned porn sites.",0,0,45,
47,1428542250129281025,"I came samewere written that, #HBAR go much more further than a blockchain
#HBARbarians #Hedera #hederahashgraph #cryptocurrency #Crypto #XRP #ADA #BTC",0,0,12,
48,1428542123092045830,"Oh #ada !! :)     killing it !

#xrp #eth #Solana  #btc #ltc",0,1,98,
49,1428542113042485258,"@cyprustoken Keep going. Keep expanding and make a blast in the market.
 @Adepar5 @kokohui @iuu02578408 
#Cyprus #TokenSale #IDO #BTC #BSC",0,0,3,
50,1428542047430930432,"#cryptocurrency #Pondusdt #BTC #Bitcoin #cryptotrading #bitcointrading 

#Pondusdt 
Entry - .084324 
Target Price- .1834 
Profit- 117.49%",0,0,45,
51,1428541995216220165,$SHIB #ryoshi #forexlifestyle #SAITAMA #bitmart #SHIBANET #BITCOINBANANA #webull #usa #L2BLOCKCHAIN #MTNFACUP #AFC #cryptocurrency $sol #safemoon #gold #bitcoinexchange #HODL #shib #shibarium #btc #shib #forexsignals $usdt #ltc #newcryptocurrency #success #binary #binance https://t.co/qEU4a2Uhrw,0,0,356,
52,1428541967697256450,"United Wholesale Mortgage will accept bitcoin, other cryptocurrency #BTC #Bitcoin #Mortgage #Crypto #Cryptocurrency  https://t.co/uL0sJpfVjc",1,1,3020,
53,1428541929814302722,"@cyprustoken This is very good airdrops and strong project
#Cyprus #tokensel #IDO #BTC #BSC
@AlifHos28313036 @afroza_neela @afroza_neela",0,0,8,
54,1428541881563062277,"Bitcoin Even don‚Äôt want to back test 42000 , dead cat bounce ? üòÇ it‚Äôs super bullish #btc",1,1,239,
55,1428541802492174336,Are H&amp;S Still a meme? guess well find out #BTC,0,0,8,
56,1428541795185664003,@Blockworks_ Michael Saylor on why bitcoin is the best use for energy #Bitcoin #btc https://t.co/yHI2ZhXX7H,0,0,22,
57,1428541791112941571,"I think #btc is getting ready for big move clearing longs and shorts , it will people rich either way, just need to figure out which wayüòÄ",0,0,971,
58,1428541751388622849,#BTC I THINK THAT CONTINUES TO KILL SHORT BUT I MADE SHORT üëÄüí∞ https://t.co/J3Ws2RFhdO,0,0,174,
59,1428541702445338625,"[SCAN RESULTS - 15m - #BTC PAIR]

Binance top 5 bullish strength
1: $SUSHI
2: $NMR
3: $STX
4: $KMD
5: $BCD

Binance top 5 bullish reversal strength
1: $STORJ
2: $ONE
3: $MDX
4: $FARM
5: $PHB

All results for free on https://t.co/vMSA8RwQ1G website!",0,0,63478,
60,1428541684502208517,"1 $HEX = $0.18 USD
1 #TShare = $3,325 #USDC
1 #TShare = ‚¨£18,475 #HEX 

#TeamWin #pHex #PLS #Pulsechain #Bitcoin #Ethereum #BTC #Eth $BTC $ETH #passiveincome #defi",0,0,844,
61,1428541658379939841,"Rather a coin of choice #btc #eth #bnb #shib
2 da moon üöÄüöÄüöÄüöÄüöÄüöÄüöÄüöÄüåï https://t.co/YQd0bACfm5",0,0,195,
62,1428541504017080327,"[SCAN RESULTS - 15m - KUCOIN]

KuCoin top 5 bullish trend (#BTC pair)
1: $FX
2: $BEPRO
3: $VIDT
4: $REQ
5: $BCD

KuCoin top 5 bullish trend (#USDT pair)
1: $TCP
2: $TRIAS
3: $ETN
4: $AGIX
5: $MAN

Ranking for KuCoin symbols not listed on Binance",0,2,63478,
63,1428541475764064258,"#BTC 50k ü•∏ 

Can happen soon than you think.",0,7,13613,
64,1428541415395495936,"@AirdropStario Very good and strong project

@oliullah1315
@nknoman20
@Sadimaruf123
@Tajulkh33100380
#cyp #AirdropCrypto  #BTC #BSC  #BSC",0,0,14,
65,1428541105952497666,"Get $10 in #Bitcoin now at BlockFi! Why just HODL when you can also earn compounding daily interest? Interest earned every day. 

If you hold #Ethereum, #Link, #LiteCoin or #Stablecoins make even more #money everyday.

SIGN UP NOW &gt; https://t.co/Oru6uIG1Mt

#ETH #BTC #LTC #Crypto https://t.co/hp9orO4FWe",0,1,88,
66,1428540998750248966,"üî• SIGNAL #HNT #HNTUSDT :

‚û° Buy At or Below 20.911

‚òëTarget1= 21.048

‚òëTarget2= 21.353

‚òëTarget3= 21.665

‚õî Stop Loss= 20.511

‚ö† Let's make some profits!

$BTC dominance wasn't more obvious üí∞

#SPOT #BTC #ÊØîÁâπÂ∏Å

To Join more than 1400 happy members with us, PM ME! https://t.co/afTesdcF1R",0,1,6618,
67,1428540841614774273,"@Crypto_bn let them wait another hundred years, so they will die ... better let them now buy at $ 435 #bnb and at $ 47,500 #btc",0,0,1268,
68,1428540795271929856,"#bidcoin social #reward program gives you #FREE bid token to #play right away! NO need to recharge!! üòç click now https://t.co/FC1A5UP0OI for your #gift and #win #crypto like #bitcoin #ethereum #dash #btc #eth #xmr #ltc #zec without any #exchange, only on https://t.co/dAfxkvseq4 https://t.co/JClVXMXXwu",1,1,42,
69,1428540662564098049,"@cyprustoken Strong project
@NSotej 
@kmmanik33 
@BILLAMAN33

#Cyprus #TokenSale #IDO #BTC #BSC",0,0,9,
70,1428540564870373378,"I am also in other #Crypto, including the king, #BTC 

But I love #Algorand fundamentals, with/without Pump/Dump.

#Algorand is a future wealth creation asset.
Long term. Future.

Different users , different interests.

#Algorand is where my interest is. FUTURE.",0,0,1193,
71,1428540518267461632,#BTC price today https://t.co/1Bx37KEWNf,0,0,4704,
72,1428540472838873088,"Wells Fargo Launches Passive Bitcoin Fund for Wealthy Clients
https://t.co/FIG4r3gift
#cryptonewsdaily #cryptocurrencynews #crypto #bitcoin #btc #bitcoinnews https://t.co/sdlsHkhoYE",0,0,70,
73,1428540459085828097,"Guide: How to buy Helium HNT Token IOT

#btc #tron #Ethereum #helium #HNT #Cryptocurency #cryptotrading 

https://t.co/boA3KJDsJP",0,0,119,
74,1428540435765493768,"Target To Open 4 Regional 'Sortation' Centers For Deliveries #Bitcoin #Btc #Cryptocurrency #Finance #Forex #Markets #Money

Read: https://t.co/YJN2b8XjLg https://t.co/1jDit5soKV",0,1,1465,
75,1428540307419901959,"üö®WHALE ALERTüö®
üí∞ 500 #BTC ($23,590,200.00 USD) transferred from wallet #UNKNOWN OWNER 3 to #BINANCE

Transaction https://t.co/l097rFYwiE

#cryptomike #cryptocurrency #whalealert",0,0,293,
76,1428540245168041985,no trade: #BTC price is 34593 at time 08/20/21 - 03:11:49,0,0,1520,
77,1428540191258685441,"@DNPthree @JebTheGreat_ ü§ûü§ûü§ûInsane amount of money...DoneüçÄüçÄüçÄ
#USDC #BTC   #ETH
#20kday https://t.co/jyhSan2Be6",0,0,67,
78,1428540124812349443,"MicroStrategy CEO: Bitcoin will become a $100 trillion asset class
https://t.co/yKRlhF9fpG
#antminer #antminerrepair #antminers #bitcoin #cryptocurrency #bitcoinmining #cryptomining #BTC #bitcoinnews #ASICminers https://t.co/gNG2SKPFCH",0,0,79,
79,1428540059238731781,"1 Bitcoin ( #BTC )
Dollar: 47,126.52$ 

1 Bitcoin Cash ( #BCH )
Dollar: 6,61.88$ 

1 Ethereum ( #ETH )
Dollar: 3,232.00$ 

1 Ripple ( #XRP )
Dollar: 1.21780$ 

Date: 20 Aug 2021 2:11

#Bitcoin #Ethereum #cryptocurrency #crypto #altcoin #Blockchain #Ripple",2,1,5425,
80,1428540051844177921,"üö®WHALE ALERTüö®
üí∞ 214 #BTC ($10,136,300.00 USD) transferred from wallet #BITBANK to #BITBANK

Transaction https://t.co/IwaUBAmjSw

#cryptomike #cryptocurrency #whalealert",0,0,293,
81,1428539939369545729,"My friends waiting for 20k #BTC and 300$ #BNB 

Asked them to wait for September 2020. Market will crash then and they can buy.",0,6,13613,
82,1428539895681744900,"we are now #receiving 
#BTC 
#transaction
#exchange
#modestoCA https://t.co/Ol81DInMlQ",0,0,36,
83,1428539869127643142,"Cardano Price Explodes As ADA Approaches All Time High!

üí° https://t.co/kvtjtLLo6M

#cardano #ADA #lovelace #bitcoin #cardanocommunity #adalovelace #altcoin #btc #blockchain $ADA #cardanonewsfeed #crypto https://t.co/dTQSFl6bq3",0,1,32,
84,1428539789817561089,"Bitcoin BTC Current Price:
$47,137.16

1h: +0.20%
24h: +5.25%
7d: +5.12%
30d: +58.23%

#btc #bitcoin",0,0,3864,
85,1428539764186177542,"üî¥ 214.8,414 #BTC ($10,136,311) transferred from #bitbank to #bitbank  (Internal transfer) 

 TX: https://t.co/NM4epelPaA 

 #Blockchain #BTC",0,0,164,
86,1428539764152623106,"üî¥ 500 #BTC ($23,590,218) transferred from Unknown Wallet to #binance  

 TX: https://t.co/errYFBfKcY 

 #Blockchain #BTC",0,0,164,
87,1428539759811387394,"@DNPthree @JebTheGreat_ #USDC #BTC or #ETH 

#20kday

Gdluck",0,0,469,
88,1428539738085003266,Pretty smart move right here taking other people‚Äôs money to load up on the #Btc they should have already had from way back when but they probably bought expensive couches instead back then. Serious CYA and backsies right here. https://t.co/JF2zdqq6No,0,2,6223,
89,1428539716979380228,"BallietBran has a new video! @BallietBran

""#BALLIETBRAN TALKING ABOUT ERIC WALL AND CHRIS BLECK NOT THINKING CLEARLY WITH #HEX AND #HEXICANS."" #Crypto #BTC #ETH #DeFi #PassiveIncome

https://t.co/Ta9ir6thln https://t.co/sH7zfVZqMs",3,5,1311,
90,1428539623941214214,"I‚Äôm not a chart guy BUT I think I just found $farm charts doppelg√§nger . 
#bitcoins $ada $ltc $btc #Binance¬† #Coinbase 
#forextrading
#bitcoinnews
#cryptonews
#ethereum
#forex
#cryptocurrencies
#investor
#btc https://t.co/9yHcrDWcRd",2,2,1221,
91,1428539600956534786,"üö® üö®  500 #BTC (23,590,219 USD) transferred from unknown wallet to #Binance

https://t.co/n5EaXb3Trg",8,64,1401265,
92,1428539589711511556,@OnlyFans is a perfect match for #cryptocurrency! Do you agree? How can their management quickly react and keep their platform accessible to all creators? What are your thoughts? #btc #ada #Ethereum https://t.co/vtdKx5KN9w,0,0,23,
93,1428539405304844297,LTC__Litecoin   |CRYPTO |PRƒ∞CE Wƒ∞LL Rƒ∞SE___   #ELECTRONƒ∞C   #DEEP   #USDT   #DOGE   #JPY   #ATOM   #CORE   #AUD   #BTC   #ETHEREUM      86,0,1,3,
94,1428539326242213895,"When you really start to understand time is money and you are not just say it. 

#Bitcoin¬†¬† #BTC¬†¬† $BTC https://t.co/Myuk8fuve1",0,0,98,
95,1428539300438704130,"@CornDeFi @HTrn170480  @Harry_Styles   @CornDeFi 
Good project
#YieldFarming #Airdrop #PancakeSwap #BTC #Binance #BNB #BSC #cryptocurrency #DeFi",0,0,0,
96,1428539298333085696,"üöÄHour UpdateüöÄ

üü© #Crypto Market Score: 2.7 (-0.1) 

üü© M. Score BTC: 1.5 
üü© M. Score Alts (vs BTC): 0.9 
üü® M. Score Alts (vs $): 0 (-2.2) 

üü© Market Cap: 2.04T (+7B) 
üü® #BTC Dom.(%): 43.6 

üü• $ETH: 3229.75 (-0.03%) 
üü• $BTC: 47152.15 (-0.03%)",0,0,181,
97,1428539187947577357,Tom Kline is a bitch bear!! Fuck the bears #eth #LINK #btc,0,1,4,
98,1428539171942060034,#BTC is now at $47182.92,0,0,11,
99,1428538985328955392,"Buy Crypto With Your Credit Card / Fast Crypto Exchange 

https://t.co/GwaCvQyQbc 

#Bitcoin #BTC #ETH #XRP #Crypto 22:06 https://t.co/HKZXa8hUYC",0,0,10273,
100,1428538983261245442,@CryptoBatmanTV Andreas Antonopoulos is the üëë #btc,0,0,18,
101,1428538962491019267,"@DNPthree @JebTheGreat_ Thank you for this chance.
#20kday 
I want to receive in  #USDC, #BTC https://t.co/RpuFjQW0Sx",0,0,404,
102,1428538961178341379,Who belives #BNBcoin will reach the moon. I do #BNBarmy #BNB. For pumping announcement follow the telegram. link in desc #cryptopump #btc #coinpump #USDT #BNBcoins #Eth,0,0,784,
103,1428538960574251017,"As Tokenview shows, total #grayscale Investments Holdings is $41.67 B
24h Changes and premium rate are as follows:
#BTC -35Ôºå-11.54%
#ETH -215Ôºå -5.79%
#ETC -1010Ôºå-30.16%
https://t.co/wwDZoUu6zN https://t.co/0UlsQsOTK5",0,0,2618,
104,1428538947152449541,"#BTC Derivs Sheet (Tweet every 15 min.)
CME Delayed (10 min)
GS Delayed (15 min) and OI = SHARES OUT https://t.co/M1dOxpYfxy",0,0,30872,
105,1428538905238949889,@DNPthree @JebTheGreat_ üò±üò±üò±üò± #BTC please if choosen üëè https://t.co/tFIdQzxpbH,0,0,11587,
106,1428538902961397765,@_campbellconnor @Bonecondor @serlindsipity Move to #BTC only,0,0,368,
107,1428538894904037381,"@WatchersTank @elonmusk @SpaceX @RichQuack 
Next DOGE Coin. DOGE just got a New Competitor #RichQuack.  #BTC #BNB #doge, https://t.co/uCOTW5CEZL",0,0,27,
108,1428538890718121991,"#ALTCOINS are going up! Use https://t.co/LRb24FW1Ot to find where CRYPTO MONEY is moving. Find coins with HIGH buyer % and moving in PRICE!

#BTC #ETH #VGX #CHSB #GRT #FTM #KSM #ALGO #ADA #SUSHI #MATIC #DOT #ICP #CRV #TEL #RUNE #UNI #AAVE #VET #XTZ https://t.co/laBu2ccheq",0,0,176,
109,1428538756550823945,"This #game is called #zoomout. The first person to correctly guess this plant #wins 125 #satoshi via #lightning . One #guess each. 

The first #hint is the first picture; subsequent hints are progressive zoomout photos. 
#btc  #Bitcoin #satoshistandard #GameTheory #gardening https://t.co/m7GIxjX8m8",0,1,333,
110,1428538721008160768,"@cyprustoken Good projects 
@asam184 
@Sikande97979527 
@seascapenetwork 
#Cyprus #TokenSale #IDO #BTC #BSC",0,1,32,
111,1428538662367764485,"Correlation of price change over the last 200 hrs
#BTC #ETH #DOGE #BNB #LTC #ALGO #DOT #GRT #EGLD #MATIC #DeFi #crypto #analyse https://t.co/dD4IklplGj",0,2,1365,
112,1428538569065336832,"good project
@NamGiap1 @lenhsang93 @khuongay 
#Blockchain #BTC #ETH https://t.co/8Ajco3OD22",0,1,35,
113,1428538561599528964,Let's #Crypto #BTC #Lonelyfans fixe this @LOFcrypto üöÄ,1,2,101,
114,1428538551310815244,Welcome #BTC come back 47K$ https://t.co/HKl0wu3nka,0,2,1552,
115,1428538526321152002,"Have you hugged your #recycle bin today?
üåç
Be a mean, green, #recycling #machine.
üåè
Do your part and win up to 2750$ from #ConvertCarbon. Details @Convert_Carbon #CryptoNews #Cryptocurency #BTC #BNB #ERC20 #ETH #ContestAlert #savetheplanet 
#thursdaymorning #ThursdayThoughts",1,1,478,
116,1428538495493042187,"@KyuubiKurama7 BSC : 0x71FBb7049e36AB5eE08eCB970f57B2a1e33121b1

#KYB #KRM #BTC #BNB #BSC #KYUUBI #ETH #shiba #doge #kurama #naruto #Boruto #kyuubiarmy #kyubi #airdrop #ADA #crypto #burn #giveaway",0,1,641,
117,1428538450085568519,@gMAKcrypto Have you checked out @BankBTCApp where you earn #BTC rewards for holding?! üöÄüöÄüöÄ,3,4,1214,
118,1428538371236892678,"[SCAN RESULTS - 1h - #BTC PAIR]

Binance top 5 bullish strength
1: $NXS
2: $FUN
3: $NAS
4: $ADA
5: $REQ

Binance top 5 bullish reversal strength
1: $POWR
2: $PERL
3: $OXT
4: $ARK
5: $FIO

All results for free on https://t.co/vMSA8RwQ1G website!",0,1,63478,
119,1428538346784141312,"One easier way to trade is to scalp bounce on cam pivots, works like a charm 9 put of 10 #spx #es ‚Äîonly takes 2 minutes on every instrument including #btc https://t.co/2yNHIpot3R",0,1,971,
120,1428538270321811464,Put that #BabyCake on the #Tesla Dashboard! Lets gooooo! üöÄüî• @BabyCakeBSC @elonmusk @cz_binance @PancakeSwap #Binance #Btc #Ethereum #cryptocurrency #cryptotrading #BSCGem #ElonMusk #Tesla https://t.co/u6rvn0YjgX,0,1,55,
121,1428538226306846721,"The current price of bitcoin is $47,213.00. It has increased by 5.266% in the last 24 hours #bitcoin #btc #cryptocurrency",0,1,123,
122,1428538215443599370,[BTCUSDT - WEEK] #BTC #BTCUSDT #BINANCE #BTCUSD #CRYPTO #BITFINEX #BITCOINGRAPHIC https://t.co/uJEJipvqOI,0,1,315,
123,1428538207528841225,#BTC very Bullish ‚ö°,6,24,22205,
124,1428538187442425856,"#Ethereum hourly net stats.
1am - 2am UTC
blocks:257
avgDiff:8.07 PH
hashRate:602.98 TH/s
avgSize:68.16 KB
txns:49812
#ETH #BTC #crypto",0,1,152,
125,1428538132748701705,"[SCAN RESULTS - 1h - KUCOIN]

KuCoin top 5 bullish trend (#BTC pair)
1: $FX
2: $AVA
3: $DERO
4: $VRA
5: $GMB

KuCoin top 5 bullish trend (#USDT pair)
1: $SFUND
2: $ERG
3: $VRA
4: $XDC
5: $PDEX

Ranking for KuCoin symbols not listed on Binance",0,3,63478,
126,1428538036946567178,"Closed..

#btc tried, but not touched $48k mark https://t.co/9wMHumItgs",0,2,11274,
127,1428537801323253760,"Discourse__Syndicate is live! @RG3_Pirate

""HEX LIVE TA  w/ @CryptoJenkinz!!!!!"" #HEX #Crypto #BTC #ETH #DeFi #PassiveIncome

TWITCH: https://t.co/A1UWnUtSha https://t.co/XFqTPxGbEb",1,1,1311,
128,1428537783447023621,#Bitcoin #BTC #News United Wholesale Mortgage Will Allow Customers to Make Home Payments with Crypto https://t.co/Lo2OD47IgM,0,1,381,
129,1428537766950866944,"WHAT THE ACTUAL CUSS WORD üò≥

GET IN FRIENDS &amp; OMG GOODLUCK 

#USDC, #BTC¬† #ETH #20kday https://t.co/5btL2iUbGN",1,19,42268,
130,1428537593956757504,"BlackRock buys shares of a Bitcoin mining company worth more than $380 million.
https://t.co/yKRlhF9fpG
#antminer #antminerrepair #antminers #bitcoin #cryptocurrency #bitcoinmining #cryptomining #BTC #bitcoinnews #ASICminers https://t.co/gSk5ZIvAoE",0,0,79,
131,1428537591733817349,In this account is accepted donations. Thanks for your support. #Bitcoin #Cryptocurrency #Criptomonedas #BTC #Binance #LightningNetwork #Satoshi https://t.co/z7ZjgVRkGJ,0,0,863,
132,1428537572800688139,"BTC $100,000
ETH $10,000
BNB $5,000
Is something going to happen
#BTC #Bitcoin üöÄ",20,39,22205,
133,1428537552089325573,"Part 1/2:

BTCMarkets
#BTC: $65975
#BCH: $919
#ETH: $4540
#LTC: $248
#XRP: $1.71

Coinspot
#BTC: $66400
#ETH: $4538
#LTC: $240
#XRP: $1.71

Cointree
#BTC: $65317
#BCH: $903
#ETH: $4401
#LTC: $240
#XRP: $1.67",0,0,166,
134,1428537528081059859,"#NFT .com coming soon, sounds interesting. Hard to beat $0.001 to mint an NFT! Last time I minted one on #Ethereum it cost me almost $100 worth of $ETH. 

Try #HBAR, #Hedera $HBAR. 

#Crypto #ADA #Bitcoin #XRP #DOT #Matic #Doge #Dogecoin #Polygon #Cryptocurrency #Blockchain #BTC https://t.co/0BjelXH1ar",0,7,2134,
135,1428537479280435204,"Your hourly #BTC updateüôå

- Hourly closing of #BTC $47209 $BTCUSD
- Hourly price change is 0.16 %üìà
- 6 hr Vol. trends sideways
- Trading above the 200 hr MA($46010)
- Relative Strength Index (RSI 14) is at 72.87

#trade #crypto #BTC #analysis https://t.co/oKYYB5tOKR",0,1,1365,
136,1428537458296295425,"üêÆ BULLWHALE! just LONGED $3,405,858 worth of #Bitcoin #BTC at $47,200 on #Binance Futures",0,0,2436,
137,1428537424934694912,"Check out @bitcoinvendapp, this new project is redefining what it means to be an exchange!
#crypto #cryptocurrency #bitcoin #btc #eth #ethereum #blockchain #investment #cryptonews #cryptotrading #money #business #cryptobulls",0,1,1,
138,1428537406077161475,"‚Çø #Bitcoin on Thursday rose 4.60% to 46,760.62. #crypto #btc

More at https://t.co/LD3TlfHh1U",0,0,1507,
139,1428537382035460097,"YOUR PRIVATE TRADING ASSISTANT üöÄ

#AI look at daily charts $BTC #BTC

BTC/USD reached the bottom at 28008.9076 on 2021/06/22 . Since then, volatility has decreased and the price is...

Just choose your coin and be an expert!
#crypto #trading

CHECK https://t.co/Gm1Mua8CwN https://t.co/KLUbd4Ood9",0,0,265,
140,1428537369674747905,"#cryptocurrency #NFT #DeFi #BTC #BinanceSmartChain #BSC 

Awesome project
With amazing milestones coming up
@swimaNico 
@AyushMilap 
@lwdwi5 https://t.co/xT0TWDisDM",0,1,59,
141,1428537357935026177,"üêãüêã
500 #BTC (17.487.013 USD) will be transfered from unknown wallet to #binance 

https://t.co/BXyfqLKVDI
#bitcoin",0,0,411,
142,1428537317745119234,"‚è∞ 05:00  
‚Çø Bitcoin = 47.196,43 $ 
#bitcoin #btc #BTCUSD",0,0,5322,
143,1428537311051059205,"üêã #Crypto Whales vs. #Stablecoins üíµ

üö® Last 4 hours of #BTC-Exchange transactions üö®

For clarification:
#Crypto are ALL #cryptocurrencies incl. #Bitcoin 
#Stablecoins are for example: #USDT #USDC #BUSD #TUSD etc. without ANY #cryptocurrencies 

ü§ñ Automated-Tweet ü§ñ https://t.co/VlqReZT4Be",0,1,6525,
144,1428537310153371649,"Bitcoin - BTC
Price: $47,231.09
Change in 1h: +0.28076353%
Market cap: $887,530,874,642.12
Ranking: 1
#Bitcoin #BTC",0,0,4345,
145,1428537294445817856,"#Bloomberg to create a new #crypto_index to track #DeFi tokens

#Btc #Eth #blockchain #bitcoin 

https://t.co/Vq6hY3usqG",0,0,892,
146,1428537288338907137,"The price of #Bitcoin is currently $47,207.79
 #Crypto $BTC #BTC
 https://t.co/StFdwaoRx2",0,1,773,
147,1428537279858057220,"To succeed with your #crypto #portfolio, buy #ADA , #XLM , #XEM , #ZIL, #MANA and #TRX. We had better performance with this crypto than #BTC (up 1000% in 2 years). It's still time to jump on it.#Ziliqa is the crypto to watch now. Buy it in your portfolio https://t.co/ikdTkx7E9j",0,0,16867,
148,1428537274342559751,"#FTX Futures Liquidated on:
üî¥ #ETH-PERP $120,744 @ 3,243.10 
üî¥ #BTC-PERP $48,769 @ 47,201 

#Binance Futures Liquidated on:
üî¥ #BTCUSDT $83,036 @ 47,409 
üî¥ #MATICUSDT $43,432 @ 1.51442 

#cryptotrading https://t.co/RQMirsHfU6",0,0,2844,
149,1428537268088672259,A bundle of #Nft  https://t.co/zkQcn0wJ2a via @opensea #ethereum #Bitcoin #crypto #btc #eth #binance #Polygon #matic #AI #invest #ftm #DeFi #solana #kusama #polkadot #DOT #KSM #SOL,0,0,113,
150,1428537267640020995,Check this latest installed @generalbytes #bitcoin ATM at Huck's Food and Fuel in #Orleans üá∫üá∏. Operated by @bitstopofficial. Supported coins: #BTC https://t.co/dWDuEgIQQi https://t.co/brfeUna327,0,0,6314,
151,1428537267568660487,"#Bitcoin
Current Price:
$ 47204.15
‚Ç¨ 40376.38

#cryptocurrencies #blockchain #BTC",0,0,56,
152,1428537226934120454,@TheApeBilly i have a lot. go for #cardano #arrr #bnb #btc,0,0,72,
153,1428537158332076042,@CornDeFi Good @jonimitchell @SenJoniErnst @joniernst @CornDeFi #YieldFarming #Airdrop #Giveaway #PancakeSwap #BTC #Binance #BNB #BSC #cryptocurrency,0,0,8,
154,1428537039566229510,"‚öúüçÄ‚öúüíé Premium üíé‚öúüçÄ‚öú
Yankees
üÜöÔ∏è
Twins
üíéüí∞‚òë‚òë‚òë‚òë‚òëüí∞üíé
üíéOver 10 üíé -120
üíéüí∞‚òë‚òë‚òë‚òë‚òëüí∞üíé
@Yankees #SquadUp
@Yankees_Beisbol #EstamosReady 
@Twins @Twins #Mntwins @bet365 #LosTwins #MakeItMajor #BTC #BinanceSmartChain
üíéüí∞üí∞üí∞ Retweet üí∞üí∞üí∞üíé https://t.co/ykpPqgH6Ip",7,11,14828,
155,1428536888067907584,"FULL MOON #Bitcoin #BTC 
19 - 24",1,1,12,
156,1428536828869505025,Me go watch movie and have sex with wife and then come back and see what #BTC doin.  Down she go.  Ciao.,0,0,20,
157,1428536814218973190,https://t.co/EO2A1szVuk India ranks second in #crypto adoption globally: Report https://t.co/YdLICPlcTc #btc #mining #airdrop,0,0,77300,
158,1428536730068606982,@DNPthree @JebTheGreat_ #20kday This is literally life-changing for people. Good luck everyone! #CluCoin #BTC #ETH #USDC,0,0,53,
159,1428536548216147970,"@JeremyCom 200k into #btc, 100k into #Eth , 100k into #Sol , 100k into #Polygon , 50k into #Dot buy 1 #CRYPTOPUNK and finally a BGS10 1st Edition Shadowless Halo Charzard.",0,0,408,
160,1428536495867142150,Can I wake up tomorrow to 50k #btc and .40 #doge,21,71,10205,
161,1428536495028244486,@AndrewDARMACAP @VitalikButerin @jack ETH is cool but it is not superior to #BTC.,0,1,36,
162,1428536494457765888,"$BTC #BTC #bitcoin looks like a new leg up inside the rising, bearish wedge after a perfect save by the lower support shown. 

Momentum: unbreeched, still inside rising channel and still below the local table top reversal structure. 

Volume: declining. https://t.co/FpnL8m3tFt",1,4,4945,
163,1428536470172839938,no trade: #BTC price is 34700 at time 08/20/21 - 02:56:49,0,1,1520,
164,1428536384856334336,Crypto currency future currency #Cryptocurency #Bitcoin #Ethereum #BTC #altcoin #Binance #alphatrader5050 https://t.co/fdRM2og1FV,1,0,4,
165,1428536368771129348,ü§ç BIG  DADDY  #BTC ESTABLISHING  SUPPORT  @  the .5  üôå just  like  he  should  ü§ç https://t.co/XAIq42ORPe,1,4,176,
166,1428536316220870664,"Thriller Thursday..What it Dew https://t.co/vIfYyXYXuB
#twitch #twitchstreamer #smallstreamers #followmeontwitch #BANG #bangenergy #planetniko #TKG #12minutes #thrillerthursday #blackcreators #BTC",0,0,332,
167,1428536259102887938,Cryptocurrencies are delivering Victory Points in reality #ETH #BTC #cryptotrading #crypto #elonmusk #Doge #XRP #USDT #DOT #USDC #ICP #cryptocrash,0,1,27,
168,1428536225904807941,#BNB on the way to 0.02 #BTC ?ü§î https://t.co/3IMUe3Oxah,0,3,2971,
169,1428536180749045770,"üí∞ Minted 20.083 #renBTC (946,534.70 USD) on #SOL. Darknodes fee: 0.0301 #BTC (1,419.80 USD) https://t.co/ZPpDWGOqwY",0,1,300,
170,1428536157306904581,#Altcoin #BTC Market Wrap: Bitcoin Expected to Hold Support Above $45K https://t.co/j3BeyZpCof,0,1,509,
171,1428536149392252930,"#Bitcoin #BTC The Dust Limit Bitcoin ‚Äì Bitcoin Magazine: Bitcoin News, Articles, Charts, and Guides https://t.co/51ZZFjOJfQ",1,0,509,
172,1428536148842803200,#Bitcoin #BTC #News THIRM climbs 167% to new high https://t.co/aDjTLF9uZp,1,0,381,
173,1428536109089312768,"This is the New #scam #coin
#bestair .io 

Please be careful. Don't connect your wallet or approve

#bsc #btc #bnb #BinanceSmartChain #Binance #altcoin #bitcoin #ethereum #token #Solana #TRX",2,1,11,
174,1428536097760595968,"üö® #klee 24 HOURS UPDATE üìà

üíµ Current Price:$0.00000000006168 ‚¨ÜÔ∏è 20.42% 
üëÄ On 3 417 on watchlists
üíé 8,062 holders ‚¨ÜÔ∏è 0.16%üöÄüî•

Buy ‚¨áÔ∏è 
https://t.co/hnfNJGUICB

@KleeNation1 @KleeKaiETH
#cryptocurrency #klee #kleekai #KLEEARMY #Crypto #BTC #Bitcoin #ETH",2,1,662,
175,1428536075321020418,"After losing millions to Binance glitches Crypto traders want payback
https://t.co/hHcLVkcOpv
#cryptocurrency #cryptocurrecy #Crypto #bitcoin #btc https://t.co/1cBdkwNbje",1,0,70,
176,1428535998787559428,Crypto up very nicely! #eth #doge #btc,0,2,703,
177,1428535769069592577,"#BTC ‚¨ÜÔ∏èÔ∏è 0.51% to AUD$ 66,017

RSI 3: üòü Overbought
RSI 14: üòü Overbought

Trajectory:
$67,197 in 3 days
$73,998 in 14 days
$85,137 in 30 days https://t.co/6Q8wN9tVIz",0,1,210,
178,1428535754532298752,"#NanoDogeCoin Is defying the boundaries of #DeFi.

* For 24 hours the buying tax will be reduced to 3 %
* Starting on Aug 20 you can stake your #NDC to earn more #NDC &amp; #USDT 
* Starting next week you can stake your #NDC to earn #BTC, #ETH &amp; #ADA.

Visit: https://t.co/cpzCIyneDC https://t.co/zPvTp8i9Up",0,0,43,
179,1428535721762037763,"@CornDeFi good project sir
@rie3012 
@edoblaz 
@yahya0579 

#YieldFarming #Airdrop #PancakeSwap #BTC #cryptocurrency #DeFi",0,1,22,
180,1428535593227542532,"#ADA is about to go to price discovery mode when it trades above ATHs

For newcombers here, bear in mind that last year the ‚Äúall time high‚Äù was $1.34 then at this  #Crypto bull run mid-cycle, we hit $2.45

For mania phase my targets at $8 to $15 and just depends where  #BTC peaks",0,15,16773,
181,1428535584960700424,https://t.co/0FjvSifdW4 Coinbase is ready to purchase $500 million worth of #crypto on its balance sheet https://t.co/yMXKl06e02 #btc #cryptoexchange #tron,0,1,77300,
182,1428535494875521032,"$BTC
I'm Waiting For You To Come Home ""53K""
#BTC #Bitcoin https://t.co/dB6PYD09sO",1,1,10,
183,1428535421802323971,"@SmartContracter ""bought the dip last night?""
#btc #pump #dip #bull #crypto #pepe #meme #Ethereum https://t.co/UHy1HXnquQ",0,0,774,
184,1428535341850316801,"$Bake

#BakerySwap #BSC #nftmarketplace #eth #btc #metaverse #binance #BinanceSmartChain #bnb #nft #nfts #NFTmarketplace #BSCGem #DeFi #Crypto https://t.co/kCepzz2CGd",1,5,483,
185,1428535277077688324,"Bears in disbelief - I highlighted how exponential the institutional adoption &amp; trend of adding #Bitcoin to balance sheets was becoming. 

I am convinced we are $50,000+ BTC this weekend and a new ATH this year‚Ä¶ #BTC #Cryptocurency https://t.co/snmRCfRDYp",1,2,1233,
186,1428535218240061440,"@DNPthree @JebTheGreat_ #20kday #USDC #ETH  #BTC
If you're reading this I'm so thankful for you. Thanks for giveaway  God bless you sir ... https://t.co/rUD3FVoU5k",0,0,5062,
187,1428535216491008006,"Buy BTC With Your Credit Card / Fast Crypto Exchange 

https://t.co/GwaCvQyQbc 

#Bitcoin #BTC #ETH #XRP #Cryptocurrency 21:51 https://t.co/FUr1B96UmN",1,1,10273,
188,1428535171809124356,"#BTC Derivs Sheet (Tweet every 15 min.)
CME Delayed (10 min)
GS Delayed (15 min) and OI = SHARES OUT https://t.co/94W7NdIvFr",0,0,30872,
189,1428535166692208641,"""So I heard that you bought the dip last night?""
#btc #pump #dip #bull #crypto #pepe #meme #Ethereum https://t.co/UixgNfQj5k",1,4,774,
190,1428535153601748994,#BTC is now at $47249.48,0,0,11,
191,1428535143862476809,"Bitcoin $47000 üî•üöÄüî•üöÄ
#crypto #cryptocurrency #btc #bitcoin",1,2,444,
192,1428535116318625796,I feel something amazing cooking inside the stock and crypto market. #dogearmy #Ethereum #BTC #ADA,0,1,35,
193,1428535004645187594,Why Does Bitcoin Officially Becoming Legal Tender In El Salvador Matter? https://t.co/bouAUOFAWZ via @namcios #BTC #Cryptocurency #askgeoff,0,0,366990,
194,1428534959082405891,People #btc passing 47k is a big deal! This is something at least I am paying close attention to! #altcoin season might be here,0,1,267,
195,1428534890274770944,"#Roblox - oh dear!

#GamersUnite #Streamer #USA #RealEstate #100DaysOfCode #BTC #cosplay #AnimalCrossing #gamedev #branding #marketing #startups #Zelda #valorant #CallofDuty #NFTartist #LOL #WomenInStem #robloxart #RobloxCommissions #womenwhocode #dota2 https://t.co/uTDm0qCQPt",10,4,502,
196,1428534875410386946,LTC__Litecoin   |CRYPTO |CRYPTO NOW BUY___   #TRADE   #USDT   #HOLO   #UNI   #BUSD   #Lƒ∞TECOƒ∞N   #BTC   #LRC   #BITCOƒ∞N   #LTC      45,0,0,3,
197,1428534840392097793,@BustaRhymes @elonmusk @jack @CathieDWood Sweet! Well done Bustaüôåüèæ. When can we expect some #btc rhymes from the one and only @BustaRhymes ü§îü•Åü•Åü•Åü§îüîú,0,0,4,
198,1428534819676246016,#btc is better at absolutely nothing.,0,0,20,
199,1428534784758718465,"#btc #Bitcoin #BTC 

Fixes This!-

üëÜüî•üî•üò≤üòπüòπ https://t.co/v5iU1nSeYE",1,0,1102,
200,1428534779813810179,"CRYPTO NEWS:  #Bitcoin (BTC) Price Prediction: BTC/USD Declines as It Revisits $42,000 https://t.co/TmGhKO8agF #analysis #btc #btcusd #crypto #cryptocoin #cryptocurrently #marketanalysis #opinion #priceanalysis https://t.co/aQrZWX0R8l",0,0,111,
201,1428534677845860356,"If you're still pro-#BTC then you and I are not of the same allegiance.

I have allegiance to nothing except BETTER.",0,0,20,
202,1428534641732952068,#Bitcoin #BTC #News Bloomberg Announces the Launch of DeFi Index Co-branded with Galaxy Digital https://t.co/v2CEhWO596,1,0,381,
203,1428534636372578307,"#Bitcoin #BTC #News Arweave has exploded since the beginning of August, is it still a good buy opportunity? https://t.co/IxzvCg1yrB",1,0,381,
204,1428534477442240513,Did #BTC steal @PeterSchiff‚Äôs girlfriend back in high school or something?  Maybe teased him on the playground as a kid? Ate all his Halloween candy? I‚Äôm trying my best to figure this out.,0,2,144,
205,1428534329890598912,@JakeSucky #btc fixes this,0,0,50,
206,1428534262660321280,#SHIB HOLDERS YOU DID IT ONCE BEFORE AND YOU CAN DO IT AGAIN!! LETS GET $RYOSHI #RYOSHISVISION TO 400K HOLDERS AND BECOME FILTHY RICH ü§ë üí∞üí∏üíµüí∂üí∑üí¥ü§ëüí≤üí≥üßßü™ôü§ëü§ëü§ëü§ëüî•üöÄüî•üöÄüî• $SHIB $doge $jeju #jejudoge $saita #BTC #Ethereum #ada #cryptocurrency #Crypto #BTC #Binance #coinbase https://t.co/QPk62nVu0S,1,2,81,
207,1428534204753715204,"$LUNA is breaking the sealing with the  58.03% of profit. Closed the position.

#cryptocurrency #cryptotrading #Bitcoin #BTC https://t.co/RELZHsBS4L",1,1,665,
208,1428534153675304961,Bitcoin is super bullish #btc https://t.co/8w36khd5Jt,1,3,239,
209,1428534144250695680,"#Bitcoin 
#BTC 

Fixes This!- ‚ú®üëÜüòπüòπüò≤üî• https://t.co/O8U9G8dA6K",1,0,1102,
210,1428534062487121925,"[SCAN RESULTS - 15m - #BTC PAIR]

Binance top 5 bullish strength
1: $BCD
2: $QUICK
3: $FTT
4: $MATIC
5: $NMR

Binance top 5 bullish reversal strength
1: $QLC
2: $FARM
3: $CHR
4: $TCT
5: $CVC

All results for free on https://t.co/vMSA8RwQ1G website!",0,1,63478,
211,1428533908962959365,"[SCAN RESULTS - 15m - KUCOIN]

KuCoin top 5 bullish trend (#BTC pair)
1: $UOS
2: $MATIC
3: $VIDT
4: $WIS
5: $REQ

KuCoin top 5 bullish trend (#USDT pair)
1: $XMR
2: $SNX
3: $FIL
4: $OPCT
5: $YFI

Ranking for KuCoin symbols not listed on Binance",0,2,63478,
212,1428533873693143047,"$BTC  HOLD &gt;&gt;&gt; https://t.co/itQ47UbShE

#BTC #Bitcoin #bitcoinnews #BitcoinCash #bitcoins #cryptocurrency #cryptotrading #cryptonewsdaily #dogearmy #doge #Coinbase #Cardano #StockMarket #stocks #stockstowatch #Ethereum #ADA #CardanoCommunity https://t.co/vZTWKTgA5O",0,2,231,
213,1428533851697999873,"@RedBatToken Nice project.

@RexRohim 
@Ishrat3365 
@Mohamma74654458 

#BAT #Presale #IDO #ICO #BinanceSmartChain #Binance #BTC #Bitcoin #ElonMusk #Crypto #cryptocurrency",0,3,110,
214,1428533831351472135,@1TrillionCEL @CelsiusNetwork When #BTC hits 50K https://t.co/ceSrEK2C4G,0,1,531,
215,1428533825035022336,"üí∏ Earn free #BTC and multiply crypto up to 15% monthly with @betfury BOXes üì¶ Enjoy the easy way to get cryptocurrency! Real rewards every 20 min üí• üìà Referral Bonuses 35%
Join and earn nowüì£
https://t.co/Svm4aVurS4 #betfurysuccess

1. Retweet + Like
#CTBot Adrop Ram 5 TATM 20",9,9,87,
216,1428533644537204740,"ADA, DOT, COTI, MATIC üöÄüöÄüöÄ

like I said earlier, if you want &gt;5x profit go with alts coin
#BTC #Ethereum #ALTSEASON",0,0,365,
217,1428533606398390274,"#BFC#BIFI#BIFROST#BTC 
#btc lending success
@binance @coinbase",0,0,1,
218,1428533583258558473,@CornDeFi Great project @mazenalnaseer @Dody14moon #YieldFarming #Airdrop #PancakeSwap #BTC #Binance #BNB #BSC #cryptocurrency #DeF,0,1,45,
219,1428533564824428549,"If not, get involved now, with 5% #interest, no penalties and instant access - invest with Ziglu and make your money go further! üöÄ Capital at risk

Find out more about both accounts here: https://t.co/BDxSkJuTmE
#stablecoin #bitcoin #invest #investing #BTC https://t.co/ZuO56Z0paU",0,0,354,
220,1428533558562283520,"Get in early. Create something or get in on the ground floor. Don‚Äôt pump their bags..

#BTC #Solana #ETH #Crypto
#ADA #CryptoTwitter #Ethereum https://t.co/JWdMcqQHSU",0,0,1052,
221,1428533473631866882,"Unique, modern, win-win trading strategies,
developed directly by the traders of the company

https://t.co/DpJaSzjxB0  

#btc #eth
#OmiseGO",0,0,1079,
222,1428533467764207617,"https://t.co/0AfGURLbHY

Easy x100 
Buy $vpp

$btc #btc #Ethereum $eth $sol $srm $bnb #bsc $xrp #ALTSEASON #nft $nft #defi $defi",0,0,123,
223,1428533320585973762,@DNPthree @JebTheGreat_ Wow many Tysm #USDC #BTC or #ETH #20kday https://t.co/6pdrgwLlfz,0,1,645,
224,1428533038128979974,"Our #OpportunityAlarm subscribers had the opportunity to earn 13.19% in 60 Minutes, thanks to our latest #cryptosignal transaction.

Details of our service on our website:
¬ª¬ª https://t.co/QzPDX3f647

#Bitcoin #BTC $btc #crypto #cryptocurrency  #cryptotrading #altcoin #DeFi #NFT https://t.co/NXJGOyrUlv",0,0,112,
225,1428532942763134979,"How Does Cryptocurrency Mining Work? Bitcoin Mining Explained. 

#Cardano #cardanofeed #ADA #crypto #cardanocommunity #bitcoin #altcoin #blockchain #cryptocurrency #cryptonews #btc $ADA
https://t.co/YjErfhgwKc",0,1,6581,
226,1428532937625149447,"NEAR Protocol Price Prediction [NEAR] for 2021, 2022 &amp; 2025 

#Cardano #cardanofeed #ADA #crypto #cardanocommunity #bitcoin #altcoin #blockchain #cryptocurrency #cryptonews #btc $ADA
https://t.co/QfyRMXol6m",0,1,6581,
227,1428532932768116744,"Join the telegram channel for updates on NFT , DeFi, and Crypto Currency generally
#btc #eth #bnb $btc $eth $bnb

https://t.co/xSUUTLJ3hO",0,0,23533,
228,1428532921384808449,@Aofex2 @KhaddamMhammad @AOFEXGlobal #BTC PLEASEE‚ù§Ô∏è‚ù§Ô∏è‚ù§Ô∏è @AnnickDonat @InvestUnlisted @jameswhelan42 @bewealthi @Charlen91596582,0,0,35,
229,1428532787926208516,"$3 Million Dollars redistributed in ETH for all of our #BankEthBankers

Just buy and hold, It's that simple!

#BankSwap is live permanently!
https://t.co/xzCAhyrT1s

#crypto #bitcoin #cryptocurrency #blockchain #btc #ethereum #BankEth #investing #cryptonews #eth #altcoin https://t.co/PuI16sxI9X",12,20,11129,
230,1428532766728065024,@cyprustoken IDO STARTƒ∞NG PRICE #Cyprus #TokenSale #IDO #BTC #BSC https://t.co/X0czsrUKku,0,0,0,
231,1428532753889366019,@APompliano I pay #btc to those who oppose me to silence them.,0,0,23,
232,1428532715280814090,@WeBezos @Markusgp @BustaRhymes #Tezos is ranked 44 and don't have even a fraction of #BTC  volume. Pumps 2% and then proceeds with a 60% FB retracement. 2 years of dump during 2 massive bull run. The 3rd bull run is ongoing and #XTZ is not doing any better. $XTZ needs to be top 10 to be considered seriously.,0,2,114,
233,1428532695093628929,no trade: #BTC price is 34662 at time 08/20/21 - 02:41:49,0,0,1520,
234,1428532678463164422,Watch for heavy H4 resistance on BTC. #BTC #Cryptocurency #ALTSEASON #altcoin #ElonMusk https://t.co/rW88VLnUcD,0,0,30,
235,1428532646091661313,"TO THE MOON!!!

#Bitcoin 
#BTC 
#ToTheMoon https://t.co/oWgCOb5zgB",1,0,7,
236,1428532599102771201,"When BTC breaks out, the on-Chain boys be like‚Ä¶@woonomic @WClementeIII @_Checkmatey_ #BTC https://t.co/A6nVa5iowJ",25,255,35,
237,1428532536049913858,New data suggests #Bitcoin could see #BTC price ‚Äòdouble bubble‚Äô top in 2021 https://t.co/UkVs4qJY88 #bitcoinnews,0,0,4229,
238,1428532327291015175,"Imagine not owning a single crypto ‚Äòmajor F! 

#btc",0,1,2571,
239,1428532286790770690,"#FORTH $FORTH 
#Bitcoin #BTC $BTC https://t.co/2RasNikToj",0,1,30,
240,1428532234231947264,"@GymRatCrypto I too, like hex more. But I‚Äôm still a big believer of #BTC.",0,0,99,
241,1428532202334261249,@coingecko $Babywolf + Wolfswap = #BabyWolf  to the moon üöÄ This coin is going to fly high very soon! #BabyMoonWolf #BabyWolfArmy #BTC #BSC #BNB #Shib #Dogecoin #Binance #BSCGem,0,2,101,
242,1428532200878886915,@Popo32Raj @PeterSchiff @CathieDWood TLDR: Sell your petrock #Gold and buy #BTC,0,0,17,
243,1428532073657102338,"Introducing 40X Mini Farm

üõ°Stake CHAT-KUSD-T LP
‚úÖEarn CHAT

Farm CHAT at https://t.co/6GaU14zSbO
#defily #dfl #play2earn #nft #game #blockchain #cryptocurrency #eth #btc 
@KRC20
 $KAI https://t.co/DnCqlw67Av",0,0,24248,
244,1428532070855307265,"@cyprustoken Nice Project

@SAID7779990
@MuzanGans 
@muzansans 

IDO STARTƒ∞NG PRICE #Cyprus #TokenSale #IDO #BTC #BSC",0,0,4,
245,1428532060751237123,#btc over $47k https://t.co/3ZCzu86uM2,0,0,205,
246,1428532002953773063,Like clockwork #btc https://t.co/twDVwTsSAq,0,0,111,
247,1428532002022514689,"@DNPthree @JebTheGreat_ #20k this would be seriously change my life n my family life.
I hope to goodness the universe is on my side with this opportunity.
Bismillah.
In The Name Of GOD i claim it !!

#USDT #BTC #ETH",0,0,629,
248,1428531969235636229,"#BTC held $44,000 and had a great rebound, looking very strong.

#hedgeaccordingly #gold #silver #blockchain https://t.co/YD17K4lFB6",0,3,2861,
249,1428531910154756098,"@bomber_crypto allready done sir

#Airdrop #BTC #Ethereum #Guide #BSCGem #airdrops #shibainu #Doge #BabyDoge #Airdrop_Exp",0,0,72,
250,1428531807847321604,@jose21739031 @Nobody43373414 I am üëÄ a lot of #BTC bios lately on Algorand Family üë™  Timelines,0,1,1486,
251,1428531713790160897,"If I were you, I'd buy #btc on payday.
But I'm not you.

So I will sell it.",0,0,20,
252,1428531638892326915,At any time now #btc about to snap back into the S2f band‚Ä¶ @100trillionUSD https://t.co/FxRSIMFq5M,0,0,125,
253,1428531600812167172,"Join our telegram for #cryptocurrency trading :-

https://t.co/EcMIdFNY4O

#BTC #CoinMarketCap #BinanceSmartChain #BSC #Crypto #babylink #BNB #XRP $XRP #NEO $NEO #TRB $TRB #XEM $XEM #GRT $GRT #SKL $SKL #MATIC $MATIC #RUNE $RUNE #LRC $LRC #BTT $BTT #ADA $ADA #SCRT $SCRT https://t.co/3mXEwQRZVQ",0,0,1061,
254,1428531563181056003,9 pics of #BTC  crypto before bed Central https://t.co/3IVAdnV3zk,0,0,824,
255,1428531551000739844,#BTC has risen by 5.24% in the last week. The price is currently $47200.15.,0,0,331,
256,1428531519597985808,"[Spots] $ALGO
‚úÖ Target 1 done with 10.66% profit.

#Binance¬†#Bitcoin¬†#BNB¬†#BTC¬†$BTC $BNB $ETH #ETH #Crypto #Buy #SIGNAL üë®‚Äçüè´ 

All Details on Telegram Channel üëç",0,1,197,
257,1428531458063339520,#BTC is now at $47239.31,0,0,11,
258,1428531429441302528,"$ray, this may be the start of something epic 
#ftx #btc #raydium #raydiumprotocol https://t.co/kM4QHDSk9f https://t.co/FgvTBSeGMH",0,0,83,
259,1428531396734197762,"#BTC Derivs Sheet (Tweet every 15 min.)
CME Delayed (10 min)
GS Delayed (15 min) and OI = SHARES OUT https://t.co/ajBgUPZdnE",0,0,30872,
260,1428531385665417220,WTF IS HAPPENING LMFAOOO BUY #BTC https://t.co/W7dNcQUP6k,0,0,329,
261,1428531382305923073,"@DNPthree @JebTheGreat_ #20kday $20,000 in #BTC sounds pretty sick to me!! good luck to everyone!",0,0,2,
262,1428531261434327040,"Buy Crypto With Your Credit Card / Fast Crypto Exchange 

https://t.co/GwaCvQyQbc 

#Bitcoin #BTC #ETH #XRP #Crypto 21:36 https://t.co/Jrxkucpa4b",0,1,10273,
263,1428531257315676161,"$LUNA is breaking the sealing with the  58.03% of profit. Closed the position.

#LUNA #SOL #cryptocurrency #cryptotrading #Crypto #Bitcoin #BTC https://t.co/ugYQUGHFBm",0,3,665,
264,1428531203833958401,"@cyprustoken Nice Project

@SAID7779990
@MuzanGans 
@muzansans 

IDO STARTƒ∞NG PRICE #Cyprus #TokenSale #IDO #BTC #BSC https://t.co/AhgIEa2lAU",0,0,4,
265,1428531173073072138,"There's some key resistance and support areas - if we can break $47.4-$48k and above for #btc, we are looking good.  The issue is, the market keeps doing this rip and pull-back over and over again.  As a trader, don't get stopped out and then rebuy higher = loss of funds. https://t.co/8tpPwLAizT",1,3,47,
266,1428531149178015745,"@cyprustoken Exceptional project
@@Sugar91018645 @lucifajoe @BezBez27830234 

#Cyprus #TokenSale #IDO #BTC¬† #BSC",0,0,51,
267,1428531112394084352,Hey @IOHK_Charles you‚Äôre a freakin genius!!!! $ADA #btc #cryptofam üöÄüöÄüöÄ,0,0,368,
268,1428531098003247110,"üß± INCREASED LIQUIDITY üì¢ 43 $BTC traded so far at 47300 üí∞
          üéµ powered by https://t.co/PXPhJJ4xqa üó£Ô∏è #Bitcoin #crypto #BTC",0,0,2786,
269,1428531079669960710,"‚¨ÜÔ∏è‚¨ÜÔ∏è $BTC BUYING PRESSURE ALERT üìà Price trading around 47300
          üéµ powered by https://t.co/PXPhJJ4xqa üó£Ô∏è #Bitcoin #crypto #BTC",0,0,2786,
270,1428531075920252929,"‚¨ÜÔ∏è Buyer alert: 11 $BTC bought at market @ 47288 #Bitcoin #crypto #BTC
  powered by https://t.co/PXPhJJ4xqa üëà",0,1,2786,
271,1428531073978232835,"‚¨ÜÔ∏è Buyer alert: 20 $BTC bought at market @ 47242 #Bitcoin #crypto #BTC
  powered by https://t.co/PXPhJJ4xqa üëà",0,0,2786,
272,1428531065610674187,agein #btc https://t.co/9fTHNgNVhV,0,0,611,
273,1428531028734496774,why does #btc &amp; #dogecoin charts always look identical,0,0,288,
274,1428530900313288705,"This is our #BTC future price forecast! -&gt; #Bitcon 6h forecast -&gt; From Aug 20, 3AM (CET) to Aug 20, 9AM (CET) we predicted the price of $BTC / $BTCUSD will be in range $46669.05 - $49734.27 (-1.0% +5.5%). https://t.co/O5xGWNKmQ2",0,1,3302,
275,1428530899952406528,@muneeb Also congrats if you were the only one who picked Layer 1 on top of #btc in 2017. üòâ,0,1,2931,
276,1428530779718569988,SEC boss says DeFi platforms are ‚Äòhighly centralized‚Äô and will need to register #crypto #btc https://t.co/6oeXWtUume,0,0,7736,
277,1428530765835292675,"We cannot afford to be without adequate protection. 

- The Richest Man in Babylon 

#BTC and hard assets are your protection.",0,0,26,
278,1428530729349230593,"So, Peter Schiff finally admits he wishes that he bought #Bitcoin in this interview with @natbrunell. So how much #BTC are you buying now/ own now @PeterSchiff? https://t.co/68A9Gdu9nI",0,1,974,
279,1428530726752948225,"This #COINBASE announcement is huge, it could be the exact catalyst #Bitcoin needs to make the $100k run, just like how the #TESLA buying #BTC announcement sparked the $65k bull run

$COIN is likely going to carry #ETH #ADA #UNI #AAVE on its balance sheet

Thanks @brian_armstrong https://t.co/dDoKP82KBJ",1,10,4431,
280,1428530726232756229,@BustaRhymes 10k #BTC $BTC All day,0,0,556,
281,1428530640941629440,"Incroyable la bataille sur le btc.

But okay #BTC let's go 58k.
Sorry bear people but RSI said another time pump it...",0,0,328,
282,1428530508376465412,"https://t.co/0FjvSifdW4 Chipotle just threw some serious shade at Beyond Meat, Impossible Foods https://t.co/YhEub6KXBR #btc #airdrop #eth",0,0,77300,
283,1428530466894848005,"@saitamaprincezz Cant be a bad play to get a bag of $FLOFE @flokiwife and get those #Ethereum #reflections, #Eth will prolly overtake #BTC and become the dominant #cryptocurrency soon, so might as well stockpile for laterüìàüìàüìàüöÄ https://t.co/p3tW8hBubu",3,3,223,
284,1428530463514054662,"Transparency is key with Proof of Reserves at @hodlwithLedn 

Earn interest on #BTC 6.1% &amp; #USDC 8.5%.

Seamlessly swap between tokens and trade with no fees.

If borrowing is your thing, keep ownership of your #bitcoin and access dollar loans.

üîó $25 üî•https://t.co/gHf6T6JciS https://t.co/ocuuE3Tx1r",0,1,9183,
285,1428530383763693576,"My Crypto Strategy on ICONOMI just outperformed BTC.
Check it out here:
https://t.co/KrPTXwiO46
#investment #btc #bitcointrading #ethereum https://t.co/zByRCFyCPK",0,0,144,
286,1428530265048109060,"[SCAN RESULTS - 15m - #BTC PAIR]

Binance top 5 bullish strength
1: $VET
2: $WAN
3: $MINA
4: $SNT
5: $RDN

Binance top 5 bullish reversal strength
1: $GTC
2: $CHR
3: $DGB
4: $RDN
5: $OM

All results for free on https://t.co/vMSA8RwQ1G website!",1,4,63478,
287,1428530241476210690,"@DNPthree @JebTheGreat_ #20kday Ready to receive this blessing! ü§ë
#USDC #ETH #BTC",0,1,103,
288,1428530223205666819,Big shout out to my client for paying with with preferred currency of choice #BTC #Bitcoin #cryptocurrency #NFT  @michael_saylor @maxkeiser @mcuban @elonmusk @CryptoNewsYes https://t.co/bFYsnP72ko,0,0,8,
289,1428530216947703812,"FORGET #BITCOIN, #ALTCOINS are MOVING! With https://t.co/1fbsW58g32 you can analyze where the VOLUME/PRICE is moving!

#BTC #ETH $VGX $CHSB $GRT $FTM $KSM $ALGO $ADA $SUSHI $ICP $MATIC $DOT $CRV $TEL $VET $XTZ $AAVE $UNI $SNX https://t.co/lY7PHjrIKx",0,0,251,
290,1428530191685636101,"[SCAN RESULTS - 15m - KUCOIN]

KuCoin top 5 bullish trend (#BTC pair)
1: $VET
2: $PDEX
3: $MATIC
4: $VIDT
5: $VRA

KuCoin top 5 bullish trend (#USDT pair)
1: $GMEE
2: $BOA
3: $ARRR
4: $STX
5: $PROM

Ranking for KuCoin symbols not listed on Binance",0,4,63478,
291,1428530167203381249,"If #HOLOCHAIN hits 0.20 today I will giveaway 5000 #HOT tokens to one person... who follow me and retweet this post....

#BTC #HOLOFUEL #ETH #AQUAGOAT #shibainu #shiba",4,5,154,
292,1428530061284573184,All bullishüöÄüöÄüöÄ  #FMEX #bitcoin #finance #fintech #technology #crypto #blockchain #btc @MiguelICarlos @Fairmarket_Ph @MCCVentures https://t.co/yrl5aFe05O,3,3,156,
293,1428530049016344578,"I dunno what $nim is but i‚Äôm copping after $ai. The 8hr chart looks ready to goo. ü§ì

#crypto #cryptotwitter #btc #ALTSEASON $tel $vra https://t.co/Y6RPqsEgsy",0,3,156,
294,1428529827229757446,"@cyprustoken Project has good technology. I like it 

@nguyetngan0302 
@Vongocngan98 
@TrmAnh65632811 

#Cyprus #TokenSale #IDO #BTC¬† #BSC",0,0,1,
295,1428529801963446282,[BTCUSDT - WEEK] #BTC #BTCUSDT #BINANCE #BTCUSD #CRYPTO #BITFINEX #BITCOINGRAPHIC https://t.co/3FJcKb9khr,0,0,315,
296,1428529740994990083,"$TSLA winnings of initial #BTC investmentüôå

$465598800 (34.49 %) (Realized: 272 M)
(Estimating an average buy price of $35000/BTC with now 38,700 BTC holdings $BTCUSD)
#Tesla #Bitcoin #crypto",0,0,1365,
297,1428529740592394244,"#Bitcoin price in US Dollar #BTC $usd #BTCUSD $XBT #xbtusd 
BTC Price Now : 47,078.71$ USD 
Avg Last Hour : 47,165.60$ 
Avg 24 Hours : 45,347.16$ 
24h Change : 4.67% 
24h Low : 44,032.17$ 
24h High : 47,324.70$
More information here https://t.co/PWwAp4BXM0 https://t.co/XUJlA2cvoL",0,0,282,
298,1428529738142961664,"$COIN $BTC $ETH $DOGE üëÄ #BTC

#Bitcoin #ETH #dogecoin #Ethereum #Cryptocurency #Crypto #cryptocurrency #cryptotrading #CryptoNews #dogearmy https://t.co/SAELnf3uau",1,4,3175,
299,1428529719478157313,"Polly network has rewarded the hacker $500k as the bug bounty.

&gt;https://t.co/t8nwrE6rdG

#crypto #bitcoin #cryptocurrency #blockchain #btc #ethereum  #PolyNetwork #cryptoattack #CryptoNews #bugbounty #cryptoreward https://t.co/BBXhBLGPkD",4,1,53,
300,1428529713643986945,"@cyprustoken Brilliant project
@Harmles03790839 @AliceBamigbala @Gloreal8 

#Cyprus #TokenSale #IDO #BTC¬† #BSC",0,0,55,
301,1428529663966470144,"Just saw this online üòÇ üòÇ üòÇ #XRP
#XLM #BTC #Bitcoin #ADA #for
#eth #Crypto #cryptocurrency #Cryptocurrency #Elrond #doge https://t.co/XeFSjqpMdu",0,0,1118,
302,1428529561185181696,"üòçüí≤Earn 50$ cash from the internet daily
https://t.co/73WTv1kub6

¬†#ŸÖÿ¥ŸáŸàÿ±_Ÿäÿ≥ÿ™Ÿáÿ≤ÿ°_ÿ®ÿßŸÑÿ±ÿ≥ŸàŸÑ
#ÿßŸÑŸäŸàŸÖ_ÿßŸÑÿπÿßŸÑŸÖŸä_ŸÑŸÑÿ™ÿµŸàŸäÿ±
 #massageinRiyadh
 #AskMantƒ±kƒ∞ntikam #15YearsWithBIGBANG
#15YearsWithBIGBANG #CallofDutyVanguard #400men 
#ÿ±ÿ®ÿ≠
#BTC #AskMantƒ±kƒ∞ntikam #earnmone https://t.co/KsmRGnmTgA",0,0,19,
303,1428529560929247234,"Geisinger Debuts Zero-Interest Payment Plans For Consumer Medical Expenses #Bitcoin #Btc #Cryptocurrency #Finance #Forex #Markets #Money

Read: https://t.co/JM2mB5FB3u",0,0,1465,
304,1428529526238220295,"Still going strong - $21,123,700 LONG position open on #BTC - let's go! https://t.co/CMc1Miqy9u",0,1,47,
305,1428529508332625921,"$ANY #BTC
$MARA $RIOT https://t.co/nR7Iiisg9v",0,1,34,
306,1428529490972532740,https://t.co/ExPyXgFpog #BTC price holds $44K support in ‚Äògreat sign‚Äô for #Bitcoin bulls https://t.co/DqSMYv8pxw #ico #tron #cryptocurrencies,0,0,77300,
307,1428529411960213506,"@davthewave Yes agree, but getting stopped out is better than a bigger loss. It‚Äôs basically a bet that, #BTC is up only tonight and into tomorrow. If past 50k, sitting nice Lol",0,0,197,
308,1428529333430231043,@BitcoinHal @BustaRhymes I am an artist that gets paid in #BTC,0,0,624,
309,1428529258649907205,"@Reylaax_ @Rehazzz Done, thanks #btc #Giveaways https://t.co/F6LCU6FOBA",0,0,129,
310,1428529224550260742,"Bitcoin #BTC fixes this:
‚ÄúThe changes are needed because of mounting pressure from banking partners and payment providers, according to the company.  OnlyFans is trying to raise money from outside investors at a valuation of more than $1 billion‚Äù https://t.co/bTDy64Ae0r",0,0,613,
311,1428529144246247425,"HODL and Stake on #YouSwap üöÄüöÄ:

üìà#YOU/#ETH
üìàYOU/#USDT
üìàYOU/#BTC
üìà#YOU/#BUSD

üî®Start mining now at https://t.co/2CXAJQdSLB

Pool ‚û°Ô∏è Staking ‚û°Ô∏è Allianceüî•

@Binance @ethereum @Bitcoin @Tether_to #DEX #Blockchain #tradingpairs #crypto #DeFi https://t.co/p6ZS5PWaDA",0,0,18560,
312,1428529110549205001,"BlockFi users

How can I buy #BTC and #ETH straight from the app?

I‚Äôm buying it from Coinbase and sending it over at the moment",0,2,964,
313,1428529072817070083,"@hiphoplegendNFT Good project congrats and great opportunity

#Rarible #hiphop #NFTs #nftcollector #ETH #BTC #Collectibles #graffiti #cryptoart #rap #eazye #eazyduzit #ericwright 

@Naren7824 @Viji91495356 @MuhammadRegga4 @MrCoinn",0,1,22,
314,1428528920157212673,no trade: #BTC price is 34536 at time 08/20/21 - 02:26:49,0,0,1520,
315,1428528748429709312,Cryptocurrencies are overdoing musk-melon in the bedroom #ETH #BTC #cryptotrading #crypto #elonmusk #Doge #XRP #USDT #DOT #USDC #ICP #cryptocrash,0,2,27,
316,1428528730062864387,"Here we go üòç 

#BTC¬† #BNB¬† #Crypto https://t.co/CSB9uX7gUe https://t.co/Tu5IC14wXe",0,0,28,
317,1428528714388738055,"Check out @bitcoinvendapp, this new project is redefining what it means to be an exchange!
#crypto #cryptocurrency #bitcoin #btc #eth #ethereum #blockchain #investment #cryptonews #cryptotrading #money #business #cryptobulls",0,3,21,
318,1428528690825158659,"[Spots] $DOT
‚úÖ Target 1 done with 11.11% profit.

#Binance¬†#Bitcoin¬†#BNB¬†#BTC¬†$BTC $BNB $ETH #ETH #Crypto #Buy #SIGNAL üë®‚Äçüè´ 

All Details on Telegram Channel üëç",0,0,197,
319,1428528500546408450,@spudszilla2 Keep stacking Sats! üí™ More #BTC for us! https://t.co/BID18jbVof,0,0,160,
320,1428528496339570690,"Trade #Solana, #BTC, $ETH, $Doge + #NFTs on @FTX_US: 

Register here: https://t.co/J0I90izm2l (5% off fees)

Now Playing: Kanye West &amp; Lil Pump - I Love It feat. Adele Givens [Prod. by @CBMIX x @KanyeWest] [Official Music Video] https://t.co/9Sa0RwPHfX via @YouTube",0,1,588,
321,1428528474705170433,"#BTC¬† #Bitcoin¬†  Elon watching it all Burn

$ETH $LINK $LTC $BCH $ADA $DOGE $TRX $BNB $XRP $COIN $RIOT $MARA $SOS https://t.co/9s6NI6kMDB",0,2,599,
322,1428528456321617922,Today was the day the market makers just wanted to let you know they still have it. $btc #btc,0,0,54,
323,1428528420326199302,$SAITA #AFC #shibitforward $bone #webull #SHIBARIUM #Messi #ethereum #financialfreedom $shib #SHI $bnb #bitmart #LionelMessi #SHIBASWAP #Cardano #MTNFACUP #SHIBARMY $eth #btc #dogs #currency #NFTcollectibles $doge #VitalikButerin #wealth #ÏóêÏù¥Ìã∞Ï¶à #bitcoinexchange #NFTcollection https://t.co/OpQP9eDmRl,1,4,497,
324,1428528412419837956,"#XRP WATCH NOW  MOST IMPORTANT UPDATE TODAY #Solano critical update breakout watch #xlm #dgb step by step update #doge continued coverage 

#xrpripple #xrptothemoon #XRP #XRPCommunity #XRPNews #XRPHOLDERS #BTC 

https://t.co/KPXr2D9aej",0,2,197,
325,1428528367322738689,"The current, 1-year Trading #WorldRecord return = 29,223%
.
.
.

#trading #Trader $SPY $DIA $QQQ $IWM $UVXY $ES_F $NQ_F $DXY #NDX #DJI #SPX #RUT #OTC #crypto #cryptotrading $LINK #bitcoin #btc 
@gemini $SPX $RUT #OTCBB #OTCStocks",0,0,2777,
326,1428528118621421578,"@Ralvero Thats why i believe in my coin so much!! #INDC
Join #NanoDogeCoin before 20/08 03.00PM UTC !! 
- Dont miss the lowered tax of 3% for buying
- Dont miss the 20 trillion token burn
- Dont miss the I-NDC MONDAY to earn #btc #ada #eth #ndc simultaneously

#altcoins #BSCGems #DeFiNews",0,0,127,
327,1428528008504217601,"Trade #Solana, #BTC, $ETH, $Doge + #NFTs on @FTX_US: 

Register here: https://t.co/J0I90izm2l (5% off fees)

Now Playing: Lil Pump - Butterfly Doors [Prod. by @CBMIX] [Official Music Video] https://t.co/qi4yC7SULT via @YouTube",0,1,588,
328,1428527993903669252,"Just minted BlockPunk #75 - Knight
Dropped the price of the punks to 40 ICX
$icx #icx #btc #eth #eth #craftnetwork

https://t.co/2sfnOmUlqO https://t.co/DaDP48v082",0,0,11,
329,1428527990397362180,"#Axion is about to take over the #BraveBrowser homepage for the next 24 hours! Starting at midnight EST, users can also use $BAT to Stake $AXN to Earn #Bitcoin! Let's go! üöÄ  

#AXN #BTC #Crypto $BTC #cryptocurrency #Ethereum 
#ETH #cryptocurrencies #Brave #dogecoin #Binance https://t.co/s7cya2WKZ8",10,27,13692,
330,1428527897350967296,@TexanHodl #BTC + S2F = National Security #NSC #treasury @SecYellen,0,1,33,
331,1428527869316124673,"#BTC above 47k 

$HTR above $0.80
$KDA above $0.70

It has been a good day. Feels good to have another L1 in LT Portfolio with the huge growing potential. Both of them are going to be giants in a year.

Will add more $KDA if we are lucky to have any dips under 65 cents.

Cheers!",2,5,726,
332,1428527866342297601,"@Kali_Eth @NanoDogeCoin is defying the boundaries of #DeFi!
The first ever dual #staking + #INDC!

Stake your #NanoDogeCoin and you'll earn
#NDC, #BTC, #ETH, #ADA rewards and still get #USDT reflections all at the same time!

Don't get left behind!
@elonmusk @JeffBezos #GameOver #ndcfamily",0,0,3950,
333,1428527845610041347,@WClementeIII Believe in #btc and #apebull. üî• $ABI https://t.co/t41EJGLnee,0,1,19,
